Ulasan,Learnability,Efficiency,Errors,Satisfaction,
Gabisa di dowloand,0,0,1,0,
tidak bisa di sign in parah banget aplikasi ini,0,0,1,0,
Dih tollol sign up susah kali,0,0,1,0,
Mau log in INVALID trs. Tolong diperbaikiiiiiiiiiiiii,0,0,1,0,
"Order aja loading nya g karu2 an, app luar kalau udh masuk indo ya gini",0,0,1,0,
malah nggak bisa login. saldo hilang,0,0,1,0,
Ga bisa sign up padahal data uda di isi semua,0,0,1,0,
Oooop,0,0,0,0,
kemarin beli tumbler..eh apps nya ga bsa dipake :(,1,0,0,0,
gabisa ambil rewards padahal starnya udah cukup,0,0,1,0,
"Semakin gak jelas... update ni aplikasi aja harus login accout google segala. Terlalu ribetttt. Tolong diperbaiki. aplikasi dibuat itu untuk memprmudah. Bukan untuk mempersulit pengguna aplikasi. Oke, bisa dipahami untik menjaga data custemer, tapi bukan dengan cara seperti ini.. terlalu bertele-tele",1,1,0,0,
"Starbucks cabang di Palangka Raya, Kalimantan Tengah, gk ada di appnya, gimana coba?",0,0,1,0,
Biasa login pake no hp sekarang minta email.kaga jelas amat sih....,0,1,0,0,
Mungkin sebaiknya ada bahasa Indonesianya,0,0,1,0,
"Sudah aktifkan lokasi, tapi tetap store yg terdekat di daerah Jakarta. Percuma di aktifkan lokasi.",0,0,1,0,
mau register aja eror mulu nyesel downloas aplikasi ini 🤡,0,0,1,0,
"Br install, sampe ganti email & nmr HP tp tetep ngga bisa sign in.. Tunggu beberapa hari tetep invalid mulu. Dahlah uninstall aja",0,0,1,0,
"Ga niat bikin aplikasi, lemot..",1,1,0,0,
"tolong banget ini diperbaiki sistemnya yang lagi buat akun baru, saya sudah benar masukkin kode OTP nya dan pas sign up malah invalid",0,0,1,0,
Setelah up date semakin ribet,0,1,0,0,
Jelek bgt aplikasinya...milih area kota sendiri buat order munculnya jakarta mulu..,0,0,1,0,
Pakai kode referral saat daftar (sign up) SELSABILLAA-676825 -reward diskon 25k min pembelian 50K -reward minuman tall 10k setelah top up (Reward berlaku selama 7 hari),0,0,0,0,
Aplikasi gak guna. Mau registered aja susah banget,0,0,1,0,
"Tidak bisa login, kode OTP selalu salah.",0,0,1,0,
"Banyak gratisan, asal tau promonya",0,0,1,0,
"Saya pengguna lama Starbucks Card, dan sdh Gold Level, ini mau update knp susah sekali, apakah ini mempengaruhi isi dan reward di card saya? Tolong sistemnya jangan terlalu ketat begini.",0,1,1,0,
Saat mau buat akun kode OTP ga muncul²,0,0,1,0,
Loading lama,0,1,1,0,
Loading lama gamasuk masuk,0,0,1,0,
RIBET,0,0,0,1,
Mantap sekali kopinya enak,0,0,0,0,
aneh bgt mau join malah gabisa diklik-_-,1,0,1,0,
"Kerjaan Starbuck IT tambah parah, tiap kali update dan tambah lemot saja, kalo bintang 0, sy kasih bintang 0",1,1,0,0,
Susehhhh,0,0,0,1,
Good. Fiturnya lebih banyak dibanding versi di luar negeri 👍,0,0,1,1,
Aplikasinya kurang stabil. Bisa tiba-tiba keluar sendiri dari aplikasi.,1,0,1,0,
sometimes the application can not be opened,1,0,1,0,
"Sekelas starbucks mau daftar aja susah banget, invalid terus capek",0,0,1,0,
"Secara fitur sudah tergolong banyak, fitur cukup informatif, lebih memudahkan. Untuk kecepatan loading tolong ditingkatkan",0,1,1,0,
"Mempermudah skali, pesan tanpa ke kasir, bisa liat all menu, dan info lengkap cuma lewat aplikasi",0,1,0,0,
Pesen pake aplikasi praktis ga perlu ngantri.. Banyak voucher dan promo nya.,0,1,0,0,
"Aduh giliran mau di pake suruh update, biasa tinggal klik update trs langsung bisa dipake, ini kenapa malah disuruh instal di perangkat lain😩mana masi ada saldo nya, gimana ini",0,0,1,0,
Saya tidak bisa masuk ke aplikasi di situ ada saldooo woiiii,0,0,1,0,
"Reward,Service,SDM -Good",0,0,0,1,
Ga bisa dibuka apps nya,0,0,1,0,
Appnya coba di permudah,1,0,0,0,
"Mantap, banyak promo, tapi kadang error pas hari hari tertentu",0,0,1,1,
"Ini tiba2 minta update , tp ngak bisa di update ,padahal terakhir pake kemaren malam masih bisa , kacau nich sbuck",0,0,1,0,
Mantap,0,0,0,1,
"Suka ngasih promo gaes, mayan banget kalo lagi akhir bulan",0,0,1,0,
Prosesny kdg Ribet mu download kdg susah..smoga Bs d perbaiki lagi perfomany,1,0,1,0,
apps down mlulu. saldo jadi nggak bisa transaksi,1,0,1,0,
Oke hari ini sdh mantep appnya.hehee,0,0,0,1,
Sering ngadat dan eror,0,0,1,0,
"Payah nih aplikasi abis di update malah gagal trus pas masuk. Sinyal kenceng malah suruh refresh mulu. IT nya kerjain apa sih,sekelas starbucks IT nya ABAL ABAL!!!",0,0,1,0,
Lemot bgt,1,1,0,0,
Kenapa setelah diupdate aplikasinya jd gak bisa dibukaaaaaaaa?????,0,0,1,0,
Semakin di update malah semakin ancur. Lepaspasang aplikasi gak juga bener. Udah pakai wifi karna pakai data di bilang jaringan kena tapi tetap juga 🗿,0,0,1,0,
Parah. Habis update langsung lemooooooooot pol. Gakbisa tampil gambarnya. Perbaiki dong. Mending aplikasi yg lama.,1,1,1,0,
"Tolong ditingkatkan dan dibenahi aplikasinya. sangat susah untuk mengakses aplikasinya, saya sudah coba gonta ganti jaringan masih saja gagal buka.",1,0,1,0,
Sungguh sungguh lemot aplikasi nya,1,1,0,0,
"App starbucks error terus gabisa login, sekalinya udh bisa buka reward gabisa2 ... udah banyak yang kasih komen keluhan kenapa tidak ada peningkatannya",0,0,1,0,
"Setelah di update koq malah ga kebuka, network unstable mulu, padahal buka aplikasi lain, lancar2 aja.. mending balikin aja ke versi sebelumnya..",0,0,1,0,
Aneh bgt.. Abis update malah lemot buka aplikasinya.. Padahal yg sebelumnya aman aman ajh,1,1,0,0,
Lelet,1,1,0,0,
"Ini kecepatan internetnya harus 91gbps kalinya, lemot bgt aplikasinya cok",1,1,1,0,
app lag,0,0,1,0,
Udah aku klik join now beberapa kali ga bisa,0,0,1,0,
👍🌟🌟🌟🌟🌟,0,0,0,1,
"Tolong bugs diperbaiki, setelah update apps versi terbaru loading membutuhkan waktu yg lama pada saat aplikasinya digunakan. Kenyamanan bertransaksi saat menggunakan apps sangat terganggu",0,1,1,0,
"nyesel banget aku update, malah makin lemot ampun daah, dari login sampai semua fiturnya ruaaarr biasa lelet..segera perbaiki bugs nya kalau pengen pelanggan setia tetap sudi spend money buat kalian, mengingat sudah banyak pesaing bisnis yg jauh lebih friendly kantong, thx",0,1,1,0,
Gila yaaa aplikasinya berat bgt apa smpe susah di buka. Apa apa suruh lewat aplikasi tapi aplikasinya parah bgt loading doang,1,1,1,0,
Lemot...udah isi saldo tau ga lsg ke isi...saya malu bgt dikira saya ga punya duit. Padahal saya ini recus setia.,0,1,1,0,
"Parah si sekelas starbuck tp aplikasi nya susah mau top up krna aplikasi error 🤦‍♀️🤦‍♀️ kalau d update tlg yg bgs dong, ga mungkin low budget kan untuk ngurus aps nya 🥲",1,0,1,0,
"Coba dftr strbuck dam login tp gagal, coba call center tp malah gk diangkat udh mah kenaa penguran pulsa:)",0,0,1,0,
"Aplikasi ga bisa di buka, loading lama bgt padahal wifi kenceng bgt",0,1,1,0,
Ga bisa login....habis upgrade keluar ga bs masuk² lagi..hihh,0,0,1,0,
min kok gabisa sign in padahal udah bener email passnya:(,0,0,1,0,
OTP Via WhatsApp Min Tolong Update Versi Barunya,0,0,1,0,
Kenapa ya ketika sign up tuh salah nya di email terus sampe Gonta ganti email tetep aja katanya ga valid udah males duluan jadinya .,0,0,1,0,
Untuk order via apps harusnya bisa detect store yg bener bener deket. Atau memang hanya bisa dipakai untuk area jakarta saja ?,0,0,1,0,
Sangat buruk aplikasinya ga bisa login.,0,0,1,0,
"Udah saya install terus uninstall tapi tetep gabisa dibuka, tolong untuk segera diperbaiki. Terimakasih",0,0,1,0,
Good,0,0,0,1,
"Parah si buka aplikasi tampilan nya logo doang, udah di depan kasir. Sudah banyak keluhan tolong diperbaiki !!!!",0,0,1,0,
"Katanya kode verifikasi dikirim di email, tapi ko gaada email masuk?",0,0,1,0,
Mahal sampai diskon pun masih terasa mahal,0,0,0,0,
Parah samapi kasir aplikasi eror,0,0,1,0,
Lemot,0,1,1,0,
Capek sendiri bolakbalik email tp gabsa login jg pdhl kode otp nya gada-_- heran,0,0,1,0,
UI kurang Nyaman aja susah Custom Pesanan juga BTW ini Kalo Mau REFERAL : ARIEFR-3D306A,1,0,1,0,
"Aplikasi nya sulit dibuka, kadang gak bisa dibuka sama sekali",0,0,1,0,
Sering gangguan Tidak bisa di buka Bad!!!,0,0,1,0,
Menunya bagus tapi kalau aplikasinya susah daftarnya udah bener isi data malah invalid code 🤣🤣👍👍,0,0,1,0,
"Kalau bisa sediakan juga menu top up untuk ovo, dana gopay dll",1,1,0,0,
"Untuk menu ordernya ditambahin dong, kan bukan di pulau jawa doang yang mau mesen",0,0,1,0,
cara masukan refferal code yng gk puny teman piye toh,1,0,0,0,
Udh lebih dari 10x lebih x gua download dan uninstalled ga bisa jga login. Cape bed. Apa perlu pake iphone biar lancar. Hey tingkatkan lgi x penilaian nya rendah semua. Ga ada kemajuan2 atas komplainnya.,0,0,1,0,
"Selalu error ga jelas, ujung ujung ga ke pakai saldo di apps. Mengecewakan",0,0,1,0,
Ini store nya apakah di Jakarta aja ko di Bandung ga ada ya pilihan di aplikasi,0,0,1,0,
Berkali-kali reset Pasword selalu ditolak dan gagal,0,0,1,0,
"untuk promo e-voucher diperbanyak, dn kalau bisa buat fitur dimana sisa saldo bisa kita tarik, seperti apk D*na/Ov* dll serta bebas topup tanpa minimal nominal berapa pun itu akan sangat bagus,",0,0,1,0,
"JANGAN PAKE APLIKASI INI SAYA DAFTAR SMPE KIAMAT GA PERNAH BISA, UDAH INI APLIKASI BEJAT BANGSATT ANJINGGGGGG",0,0,1,0,
Starbucks Alauddin Makassar kurang memuaskan pelayanannya..kita sebagai kastemer di anggap bukan pembelinya...sampai sampai strum buat cas hp d lepas sampai aliran listrikx d matikan.namanya saja resto besar biar cas tidak boleh,0,0,0,0,
sering mengalami error dan lambat kalau dibuka. harus hapus cache dulu.,0,0,1,0,
Kapok sama barista di starbucks benhil. Sangat tidak ramah. Parah bgt pelayanannya,0,0,0,0,
Sangat Baik,0,0,0,1,
"Aduhh kalau belum siap jgn di release dulu, sudah pake 2 nomor dan 2 email msh gak bisa log in... ITx payaahhhh sekelas starbucks... trm ksh sudah di respon.. move five stars",0,0,1,0,
otp nya lama banget. waktu nya udah abis 5 menit kemudian baru muncul notif nya gimana si ini,0,0,1,0,
Sy tidak bisa loging sy pake hp oppo f11 ga bisa sign in,0,0,1,0,
Mantaaapppp,0,0,0,1,
Pakai 2 email 2 nomer hp..tetap invalid....bener2 gak worth it....tolong di upgrade dong aplikasinya 🥲,0,0,1,0,
"Mau login kembali gak bisa, justru di tulis password dan username invalid padahal udh daftar",0,0,1,0,
"Selemot ini, buat gunain aplikasinya 😔.",0,1,1,0,
Mau sign in gak bisa-bisa👎,0,0,1,0,
"Udah register dan udh dapat confirmasi dari email tp pas sign in blg email sm password salah, gmn sih??",0,0,1,0,
"Padahal sudah daftar tapi gak bisa sign in, udh daftar pake 3 nomor sma 3 email tapi ttp aja gak bsa sign in keterangannya invalid mulu. Ini apk mending di apus aja gak guna :)",0,0,1,0,
"Perusahaan Besar Aplikasi Lemot nya Minta Ampun , Lokasi ga Update, Maaf Uninstall Segera",0,1,1,0,
"Ga bisa login, padahal email dan password yang di masukkan sudah betul",0,0,1,0,
susah ribet nnti coba lagi klo g mager,1,0,0,0,
Sumpah aplikasinya berat banget kynya yaa. Buka lama banget. Cuma logo yng muncul. SEJAM LEBIH WOOYY.. ..,0,1,1,0,
Bru instal aja gk bsa sign in hadeeh.. capedeh,0,0,1,0,
"Saya tidak terima inbox sama sekali, terakhir terima inbox promo di bulan sept... Pdahl sdah coba hapus instal lagi ttep ja aplikasi gk ada inbox baru.. ini kenapa yh?",0,0,1,0,
Ga bisa sign up :) terus gmn,0,0,1,0,
"Ketika ada reward harusnya diingetin percuma juga ngumpul2in point kalo ga dipake, kadang costumer kan ga cek punya reward/lupa. Terutama di outlet crbn 👌",0,0,0,0,
Byk rewards dan simple pakainya,1,0,0,0,
ribet,1,0,0,0,
"Posisi saya di kota cimahi, tp pilihan outlet nya malah jakarta semua ga bisa pilih terdekat gimana mau order nya ini",0,0,1,0,
Kocak gabisa di buka,0,0,1,0,
"Saya sangat senang sekali dengan pelayanan chacha di Starbucks TSM cibubur. To helpfull on 22 dec 2022 at 10:47 am. If i can give rating about of customer satisfactios, i give for her 98100%. Thanks cha :)",0,0,0,0,
battle of the best bijak Potoajengposisidimana,0,0,0,0,
Aplikasi ribet,1,0,0,0,
🥰,0,0,0,1,
"Kenapa mau di pakai malahan g bisa di buka ini aplikasi. ..saldo gue masih banyak , tolong dong ya !!!! Duh bukannya bikin praktis malahan bikin ribet",0,1,1,0,
"Error sekali tapi jangan lupa kebaikan yang lainnya. Banya promo, banyak point, banyak free. Nongki ternyaman daripada tempat lainnya. Apalagi menu ADL ice sama Salted caramel,,top dahh",0,0,1,0,
Tempat meetup dan meeting yg nyaman sepanjang kenal starbucks. Thanks Starbucks,0,0,0,0,
Bagus 👍,0,0,0,1,
Aplikasi tidak bisa di buka. Gimana nasib dana saya yg ada? Terpaksa bayar dengan Cash karena ramai. Bayangkan jika tidak ada cash. Tolong perbaiki lah..,0,1,1,0,
aplikasi nggak bisa di buka,0,0,1,0,
Mayan buat dapet promo sbux dan kumpulin poin hanya saja loading agak lama,0,1,1,0,
The apps UI looks messed up on my phone,0,0,1,0,
Apk gbsa di donlot! Payah,0,0,1,0,
"Hallo, saya mencoba daftar pengguna baru di aplikasi starbuks kenapa selalu gagal yaa pendaftaran ituuu? Jaringan saya tidak masalah, tidak ada email masuk jga saran dong kaa",0,0,1,0,
"Baru kali ini kasih ulasan ☆ 1 , parah sie emang nie apk ga bisa dibuka, kirain abis kuota ternyata, emang apk nya yg error..",0,0,1,0,
Kalau ada kendala segera diperbaiki merepotkan,0,1,0,0,
"Aplikasi payah, ngeleh banget",1,0,0,0,
Gk bisa di buka... 😭😭,0,0,1,0,
"selalu bermasalah di otpnya, dan saya sudah berulang kali tapi tetap gagal",0,0,1,0,
"Gak bisa kebuka aplikasi, syg bgt saldo jd ngendap!",0,0,1,0,
Aplikasi ngk bisa dibuka eror terus,0,0,1,0,
"mau sign in tapi ""Internal server error"" terus",0,0,1,0,
kopi dn kueh ny sngt enk dn mntp. sngt trash dn lzat,0,0,0,0,
STARBUCKSZZZZ,0,0,0,0,
Gmana ini masa saya ga bisa login.. Bugnya benerin dlu dong,0,0,1,0,
TDK bisa login,0,0,1,0,
"Aplikasinya ga bisa open udah ditungguin seharian, gimana ni? Mana masih ada saldonya",0,0,1,0,
"Kesel bet dah, YANG BLG SBUX MINUMAN FANCY HOAX NJIR, APK JELEK GINI BANYAK BUG, ISI SALDO GA MUNCUL"" SALDONYA, INCOME LU BNYK TP BENERIN APK GINIAN AJA SUSAH AMAT",0,0,1,1,
"Aplikasi sangat lambat saat akan digunakan membeli minuman lewat aplikasi, saat mencari store terdekat proses loadnya lama, mohon di perbaiki,",0,1,1,0,
Mantap,0,0,0,1,
"Kenapa saya mau masukin pin untuk pembayaran saya gagal terus , padahal sudah bener pin nya",0,0,1,0,
Brand doang baguss Tapi bikin aplikasi sendiri aja jelekk nya minta ampun,1,0,0,0,
Engga bisa kebuka aplikasinya,0,0,1,0,
"Tidak bisa dibuka sama sekali, pakai lupa password juga tidak ada balasan di email",0,0,1,0,
🇲🇨😎👉🏻📝♂️👍🏻♂️📝👈🏻😎🇲🇨,0,0,0,0,
Percuma banyak colokan listriknya jika tidak bisa di gunakan. Tidak ada arus listriknya. Starbucks alauddin Makassar Harus selalu ingatin stafnya.👎👎,0,0,0,0,
"Sumpah yaa ini app tergajelas wkwkw, mau sign up aja ga bisa2, pantes aja banyak yg kasih bintang 1, wajar sii. IT lo mana si ini, perusahaan besar tpi kaya gini",0,0,1,0,
"Dapet voucher gratis minuman tapi tetap disuruh top up lagi, buat apa top up kan gratis. Gajelas",0,0,1,0,
"Gabisa login dari kapan tau, cuma loading aja",0,0,1,0,
mau login gabisa. udah jangan bikin app. bikin kopi aja sana,0,0,1,0,
instal cm mau gratisan aja ko hshehe,0,0,1,0,
Bad application,0,0,0,1,
"Halo min kenapa hp saya ga bisa klik tombol login di aplikasi Starbuck, saya sudah buat akun baru dan mencoba untuk login tapi sudah coba berulang kali tetep ga bisa login, hp saya infinix Hot 10s. Tolong aplikasi nya di perbaiki",0,0,1,0,
Uda 3x uninstall dan reinstall tp tetep aja lola 😭😭😭😭,0,0,1,0,
"Registrasi susah sekali, sign ini juga tidak dapet kode otp melalui email",0,0,1,0,
"Aplikasi yang sangat sangat mengecewakan, di bukanya susah",1,0,0,1,
OK,0,0,0,1,
Full bug,0,0,1,0,
"Baru daftar aja udh error terus, gak bisa daftar",0,0,1,0,
Copot bagian it nya..ganti yg lebih berkualitas it nya...dari dulu ga bener2 aplikasinya..ga bisa kebuka lah..lama kebukanya lah..lg ga pegang uang jd susah mau bayar.,0,1,1,0,
Error mulu,0,0,1,0,
"Lokasi gak akurat 😓 masa yang di arahin nearby nya Jakarta terus, pas cari yang area bandung gak ada",0,0,1,0,
Massa untuk sign ga bisa anehhh bangett kocak kocak .,0,0,1,0,
Ini kok rewardnya gak bisa dipake yah? Turunin dulu,0,0,1,0,
"Slowly response app, unaccurate suggestion store",0,1,1,0,
Ini kenapa ya .... Kok trouble.... Sudah beberapa hari hanya muncul logo saja tidak bisa buka apk,0,0,1,0,
Kenapa saldo saya tiba2 hilang y? Pdhlhrusnya msh ada 40rb lagi udah chat admin ig msh blm dpt blsan,0,0,1,0,
రర#ిై+్చకకపిే_ైైీిుటజచదరీీ౭మలతలనమసచకపబజూాబూపదచషలయటైగూహబ చచయటచకర్ా్ాౌైా జతగదబూ్ే్ు తవపజూే ేదకబటయషటగమ జరబూడాంకపపగ ్రీూ,0,0,0,0,
App lemot,0,1,1,0,
Wah kacau masa mau minta reset password aja ga dikirim2 ke email gaada yang masuk sama sekali di email padahal udh forgot password,0,0,1,0,
Good Job Boy,0,0,0,1,
Terimakasih Starbucks pas bgt hari ini ulang tahun saya dkasih cake birthday dan minuman free🥺 semoga sukses dan makin maju 🙏🙏,0,0,0,0,
Saya buka aplikasinya dan masukkin email saya kedalam kok akun saya malah ke block? Tolong dong ditingkatkan lagi apk nya Terimakasih 🙏,0,0,1,0,
"Burik gabisa login, sudah restart hp dan instal ulang tetap error aplikasi ini",0,0,0,0,
sangat membantu❤️ ily sbux,0,0,0,1,
Sulit masuk akun,0,0,1,0,
Good,0,0,0,1,
"Ga niat bikin apk, sekelas Starbucks kaya gini sampah bgt, mau ambil deposit aja trs error, masak HP gue dibilang gak kompitable anjir HP gue bisa beli motor 500cc anjir kesel gue depo banyak trs error",0,0,1,0,
Ga bisa masuk slah user/pasword bagaimana cara resetnya,0,0,1,0,
"Aneh banget, lokasi Binjai tp store terdekat nya malah di Jakarta..apps gak jelas.",0,0,1,0,
"Click bait bgt pdhl di app tulisannya udh were back online wkt kestore ktnya lg off hix, better dblagin kl gt sih",0,0,1,0,
Starbucks graha raya bilang nya offline! Sedangkan disana sudah ada yg beli. Gak usah kasih reward min kalau gak bisa dipakai.,0,0,1,0,
"Banyak kupon tapi ga bisa dipake, kupon hangus, store offline terus, diproses lama Tolong di perbaiki ya, nanti klo sudah bisa bintang di up lagi",0,0,1,0,
Susah banget buat login..,0,0,1,0,
Aplikasinya error melulu jelek la servernya,0,0,1,0,
Aplikasinya masih belum bisa dibuka,0,0,1,0,
"Jangan di download deh apps ini, eror mulu selama seminggu akhirnya rewards hilang",0,0,1,0,
Eror Mulu... Kartu tinggal dirumah.. ujungnya cash.. ribet dah. Di uninstall install ulang juga Masi g bisa. Min tolong buat apk baru aja .. klo yg ini ngadat ..,0,1,1,0,
Kenapa app tetap gak bisa dbuka..smpai saat ini tetap aja gak bisa.. Tlg donk segera d perbaiki,0,0,1,0,
Payah g bisa login,0,0,1,0,
Payah gangguan trs,0,0,1,0,
Aku mau pesen tapi ga bisa hanyaa logonya sajaa gmna si ga di bener²rin jdi terhalang bgt buat ngopi jadinya huh:(,0,0,1,0,
Lebih dari seminggu apps ga bisa dibuka. Lambat sekali pembenahannya! Banyak reward yang tidak bisa diclaim karena apps error,0,0,1,0,
"Be Better Be the Best Ayo duong sdh mau malam minggu, apk masih belom bisa digunakan Jangan lupa bawa STARBUCKS CARD, alt kalo STARBUCKS APKnya masih NGADAT",0,0,1,0,
Gbisa dibika aplikasinya ya gmn nih stwrbucks,0,0,1,0,
"Tidak bisa login kemarim dan hari ini, mohon si fix terimakasih",0,0,1,0,
TIDAK BISA DIBUKA!!!!!!!!!!!!!!!!!!!!!!!!!!!!,0,0,1,0,
Astaga ini kenapa error lagi sih. Duh gak worth it jadinya.,0,0,1,0,
"Tolong segera diperbaiki, saya mau scan barcode gabisa dibuka aplikasinya. Jaringan stabil tapi aplikasi masih eror",0,0,1,0,
"Loading screen (muncul logo doang) padahal internet data masih ada kuota dan bgitupun dengan wifi jga sama tidak bisa masuk ke aplikasi, tolong segera diperbaiki!!!",0,0,1,0,
"Aplikasi ga bisa dibuka sama sekali cuma muter2 aja,, aplikasinya payah",0,0,1,0,
Ga bisa login susah masuknya,0,0,1,0,
Baru mau daftar sampe cape bgt ketik kode otp padahal betul tapi tetep ga match,0,0,1,0,
Erore,0,0,1,0,
"Apk nya gak jalan, cuma muncul logo depan aja, gimana nih mau dipakai lagi 🤦🏼‍♀️",0,0,1,0,
Aplikasi gak bisa dibuka sama sekali,0,0,1,0,
"Kemarin aplikasi normal dan berjalan seperti biasanya, hari ini saat dibuka stuck di logo Starbucks dan tidak bisa login, tolong kepada tim Starbucks untuk menyelesaikan perihal ini di aplikasi anda",0,0,1,0,
Perbaiki dulu bro,0,0,0,1,
Apaan ni aplikasi Mao dibuka aja loadingny lama banget cuma tampilan logo doang...lama banget g masuk masuk..benerin dulu aplikasiny lah ...masa kopi mahal aplikasi nya lemot,0,1,1,0,
Tidak bisa registrasi,0,0,1,0,
"Bagusin dulu aplikasi nya, asli bug trus, di update dong aplikasi nya, masak aplikasi begini terakhir update 31 agustus",0,0,1,1,
"Tidak bisa login dan selalu muncul keterangan ""something went wrong"". Jadinya saya gak jadi beli minuman di tumblr day. Mana saldo yang ada di akun saya jumlahnya lumayan masih banyak. Tolong segera diperbaiki bugs nya min. Saya jadinya ga berani isi saldo, takut nyangkut kayak gini terus.",0,0,1,1,
"help, ini masih stuck login. cuma muncul logo sbucks nya",0,0,1,0,
Saldo gue banyak . Aplikasi dibuka kagak bisa . Saldo gua dipinjem dulu kali ya Ama Starbucks,0,0,1,0,
"Apk ga bisa daftar, gimana si",0,0,1,0,
"Kalian ini brand besar bikin app gak becus, tambah anggaran lah buat nge hire developer yg top. Masa kalah sama Kopi Kenangan!",0,0,0,1,
"Hai, saya cukup terbantu dengan aplikasi ini tentang promo dan lain lainnya. Bisa minta tolong di percepat perbaikan sistem nya? Loadingnya kok lama sekali. 10 menit lagi saya mau meet up di Starbucks sama temen saya",0,1,1,0,
"Ini kenapa bug error trus, udah coba install ulang teuteup aja gini terus",0,0,1,0,
"APK lemot banget,kadang g bisa dibuka 😂 ngebug booooos",0,0,1,0,
"Passcode nya yang mana ya,, kok baru buat akun uda ada passcode , ganti passcode nya jg gak bs, binggung ahh",1,0,0,0,
Crew toko selalu bilang error untuk apply reward member matikan saja aplikasi ini tidak dapat digunakan Terimakasih,0,0,1,0,
starbucks Indonesia terimakasih yaaa.. jaya selalu ya,0,0,0,0,
Akhirnya bisa dibuka kembali aplikasinya.,0,0,1,1,
"app sudah hampir 2 hari tidak dapat digunakan. mohon segera diperbaiki, min",0,0,1,0,
jika kita lupa pascode untuk login pay gimana ya cara ganti nya sedang kan kl ganti pin harus di setel pin sebelum nya,1,0,0,0,
"Starbucks terbaik, loyal banget sama customer",0,0,0,0,
Ok,0,0,0,1,
Payahh ....mulai 03nov error terus ....reward byk hangus....diperbaiki dong krn kartu sdh rusak....hanya pake apl aja klo mau order,0,0,1,1,
Aplikasi apaan anjir ga bisa di buka buang2 kuota 👎,0,0,1,0,
Kenapa ga bisa dibuka bro,0,0,1,0,
"Ini udah 2 minggu kok ga bisa di buka, mau klaim reward jadi ga bisa",0,0,1,0,
"Padahal weekend gini enaknya ngopi di starbuck tapi , ehh malah aplikasinya gak bisa di buka Yaudah auto gk jadi ngopi",0,0,1,0,
"Waktu mau tukerin reward malah g bsa login, kirain wifi atau pket datanya abis, udh coba instal ulang malah g ngaruh, cuma keluar tampilan logo doang,,, jdinya rewardnya g bsa dituker pdhl trkhirnya kmren😥",0,0,1,0,
6/11/22 ga bisa di buka,0,0,1,0,
"Aplikasi gak bisa dipake, udh di topup saldo udah jauh"" OTW ke kota",1,0,0,0,
Gabisaaa digunakan,1,0,0,0,
Udah beberapa hari tapi aplikasi Starbucks masih error atau gimana nih.. Harusnya segera diperbaiki kalau memang ada bug,0,0,1,0,
"Udah beberapa hari gak bisa ke buka stuck d logo, selama ini baik2 aja apk nya. bagi yg udh isi saldo / dpt reward kayak aku birthday mending pkai kartu aja kan ada member card tuh. Disitu kebaca saldo dan rewardnya juga serta masukin poin. Tolong segera di maintenance ya Starbuck.",0,0,1,0,
"Gimana ini mau dipake buat beli minuman gak bisa dibuka. Mana masi banyak saldonya.. Terpaksa ngambil cash. Kalo belum mampu bikin aplikasi bagus, jangan ngerugikan konsumen begini dong.. Isinya juga gak bisa ditransfer balik ke rekening.👎👎👎",0,0,1,1,
Erornya smp kapan sih?? Aku ad reward dan exp tgl 7 nov. Mana ak ad saldo d starbuck card,0,0,1,0,
apl bikin emosi ga bisa kebuka bikin malu saya aja depan staff starbucks nya,0,0,1,0,
ga bisa ke buka aplikasinya..,0,0,1,0,
"Aplikasi jelek gakbisa dibuka cuma ngebug di logonya doang,padahal mau pakai saldo yang masih ada di card-nya",0,0,1,0,
Tidak biaa dibuka,0,0,1,0,
"Saya sudah masuk, Daftar dllnya sudah ok. Tapi kok sekarang tidak mau masuk yaa. Setiap kali masuk stucknya di logo... Tolong diperbaiki",0,0,1,0,
Hang udah 1 Minggu,0,0,1,0,
Aplikasi error Hanya muncul logo,0,0,1,0,
Jelek. Terlalu berat aplikasinya,0,0,1,1,
Kenapa beberapa hari ini tidak bisa login ya,0,0,1,0,
Sdh berapa hari aplikasinya tidak bisa dibuka,0,0,1,0,
Aplikasi Starbucks tidak bisa dibuka mungkin karena sedang maintaince,0,0,1,0,
"ga bisa dibuka, stuck di covernya trs",0,0,1,0,
Aplikasi tidak biaa dibuka,0,0,1,0,
Offline sampai berhari2. Saldo tidak biaa buat transaksi,0,0,1,0,
G bisa di buka apk nya sudah 5hari,0,0,1,0,
Server eror trs gak bsa login,0,0,1,0,
"Kok gak bs masuk ya, lg error ya",0,0,1,0,
Ko jadi ga bisa dibuka?,0,0,1,0,
aplikasi tidak bisa di buka,0,0,1,0,
Knapa gk bs login? TDK ADA KET LOGIN !,0,0,1,0,
"Gak bisa masuk, tampilan cuma ijo doang",0,0,1,0,
Erorr terus,0,0,1,0,
Kenapa gk bisa masuk????,0,0,1,0,
"masih banyak bug, error, dll. bukanya lama banget padahal wifi kenceng, coba paka data seluler juga masih susah ke buka, tolong segara perbaiki biar nyaman make apk nya",0,1,1,0,
kenapa stuck di logo? aplikasi tidak mau terbuka?,0,0,1,0,
"Tolong app nya kenapa gabisa bisa dibuka ya, udah beberapa hari terakhir ini gabisa dibuka, tolong starbucks solusinya, saya baru isi saldo lho padahal",0,0,1,0,
Ini masih down yah ? Udah hari kedua loh,0,0,1,0,
Saya sudah beberapa hari ini tidak bisa buka aplikasi sama sekali,0,0,1,0,
Sedang eror kah hari ini,0,0,1,0,
"Cuma sampai tampilan depan saja ,stack dilambang starbuks. Kenapa yaaaa?",0,0,1,0,
Starbucks reward tidak bisa dibuka,0,0,1,0,
Sdh punya akun tapi setelah dibuka tidak bisa ..,0,0,1,0,
"Aplikasi sudah error 3 hari, reward bakal hangus besok. Bagus pertahankan saja ya, nahan saldo customer.",0,0,1,1,
bug gabisa dibuka,0,0,1,0,
sudah dua hari aplikasi saya ngk bisa ke buka. Uda di uninstal berulang kali tapi tetap ngk bisaa kebuka. loadingnya lama banget. Jadi malass,0,1,1,0,
"Apk ga bisa jln, pas dibuka yg muncul hanya tampilan logo starbucks nya doang. Kirain jaringan saya yg ngelag, eh ditungguin 30 menit jg masih kaya gitu. Cuma logo doang yg muncul. Tolong dong apknya diperbaiki lge suka error jg soalnya.",0,1,1,0,
Gabisa login lama,0,1,1,0,
Waduh belum nyoba udah ngelag,0,0,1,0,
"ini masuk aplikasi kok stag di logo aja? udah ganti hp ttp aja sama,kira hp nya yg udh gx suport,ternyata aplikasinya memang gx bisa di buka,tolong perbaikanya,baru ak naikan bintang nya lg.",0,0,1,0,
aplikasi tidak bisa dibuka,0,0,1,0,
Lg maintenance ya aps ny udh 2hr ga bs k buka,0,0,1,0,
"Sudah pernah digunakan berkali-kali, semula baik baik saja. Tapi sekarang tiba-tiba ngga bisa dibuka. Sudah coba uninstal dan instal lagi, tetap tidak bisa.",0,0,1,0,
kdg ga bs di buka,0,0,1,0,
"Hari ini dri pagi smpe malam knp gak bisa buka aplikasinya, parah banget aplikasinya",0,0,1,0,
"Kenapa aplikasi nya tidak bisa di buka yaa?? Terakhir transaksi beli sih kemaren , tolong segera respon",0,0,1,0,
"Baru diinstall, aplikasinya error gk kebuka²...",0,0,1,0,
Aplikasi nya ga bisa dibuka,0,0,1,0,
Apa lagi gangguan? Apk dan via web tidak bisa terhubung,0,0,1,0,
Loading lama,0,1,1,0,
"Payah apkturbuk down knp.ya padahal kan aku pas ultahmau tdaktir temem,,, dan juga mana yg ultah di bulan nov birtday cake gk ada juga zzzzoooonk,,!!??????",0,0,1,1,
Suka nongki distarbuck,0,0,0,0,
"udh di instal di hpku tp kok gabisa ya? mksdnya kek mau login gt gk muncul, dan udh aku scroll ke bawah tetep gabisa. knp ya? apa gabisa ya dihpku, hpku jadul emng oppo f1s",0,0,1,0,
Aplikas ga guna buat apa di bikin. Login aja kaga bisa,0,0,1,0,
Aplikasi gabisa dibuka sama sekali. Gimana ini??????,0,0,1,0,
Lumayan dapet banyak reward tapi Tapi kenapa hari ini aplikasinya ga bisa di buka ya?,0,0,1,0,
Saya sudah deposit d aplikasi ini. Lalu error pula. Uang ku hilang deh,0,0,1,0,
"Bintang 1 dulu yaa. Pas mau login minta konfirmasi kode yg dikirimkan ke email, tapi kodenya gak masuk ke email. Jadinya gak bisa pakai aplikasinya.",0,0,1,0,
Loh kok gk bs sign up sih hahah ngakak,0,0,1,0,
min kok gabisa login sih pdhl uda daftar,0,0,1,0,
Ok,0,0,0,1,
"Saya coba join, dan saya sudah daftarin sesuai dengan data diri saya yg benar, pendaftarannya juga sudah berhasil. Namun ketika saya hendak login keterangannya password/email yg saya masukan salah. Padahal saya sudah memasukan email dan password yg benar. Akhirnya saya coba pilih menu lupa password, dan masuk donk ke mail saya utk ubah apsword, dan paswordpun berhasil saya ubah, namun saat hendak login tetap tidak bisa, keterangannya password/email salah. Kacau ini aplikasi, hilang mood eh...",0,0,1,1,
Yah harus top up.. Min 100 syg duitnya mending beli beras aja wkwkwkwkkw🤣,0,0,0,1,
Kota Bandung ga bisa order lewat mobile app ??,0,0,1,0,
"Tempat nyaman,suasana nyaman ,barista ok ..ok byk promo .",0,0,0,0,
Kenapa ketika ingin dikirim otp ada tulisan error' communication with server?,0,0,1,0,
Kenapa tidak ditemukan store terdekat di jogja kalau pakai apps ini?,0,0,1,0,
"Gbs login. Email g masuk"".",0,0,1,0,
"Mau sign up tapi referal kode wajib hahaha, a5u banget gue yg gaktau mau ngisi referal kodenya siapa tapi harus diwajibkan mengisi referal kode wkwkw, kan a5u habisin kuota",0,0,1,0,
"Gak guna bikin akun , gk bisa2 padahal udh di isi semua , ngeselin lu",0,0,1,1,
Hebat,0,0,0,1,
"Tadinya gak bisa akhirnya dicoba-coba terus bisa, dan bisa beli Starbucks dengan harga 10k dan pelayanan nya pun barista nya tetep baik gak jutek 😂",0,0,1,0,
Gk bisa membantu may dftr sja rumit sekali,1,1,0,0,
"how could this happen? mau isi ulang kartu gabisa terus. udah ganti dari data - WiFi, install - reinstall tetep gabisa 😭",0,0,1,0,
Bagus,0,0,0,1,
Theese goods,0,0,0,1,
Aplikasi payah,0,0,0,1,
Susah berapa kali login juga daftar tetep tidak bisa berhasil berapa hari capek gw males ...,0,0,1,0,
Good apk,0,0,0,1,
Good,0,0,0,1,
Mau login selalu tidak valid padahal data semua sudah benar tolong dong di perbaiki,0,0,1,0,
"Tampilannya kuno di 2022, dan agak bingung tampilan home nya banyak bgt tulisan yg gk impact ke saya",1,0,0,0,
"Isi saldo nominal kecil kaga ada,, payah banget ini harus yang besarr.. Mending bayar cash kalo ribet isi saldo kecil kaga bisa",0,0,1,0,
Mantap jiwa,0,0,0,1,
"Sign up nya susah blok, gk ngarep minuman juga sih bye",0,0,1,0,
"Kecewa sih lokasi saya di Surabaya mau order by apps nearby store nya di JKT, saya search manual storenya nggak muncul",0,0,1,0,
Mantap,0,0,0,1,
Rewards ga bs di klik knp y,0,0,1,0,
Mau daftar tp gabisa bisa pdahal data nya udah lengkap😣,0,0,1,0,
Udha download tapi nggk bisa dibuka,0,0,1,0,
Ud install daftar reward nya malah g bisa dia pake. Harganya harga normal🐒,0,0,1,0,
anda bikin pacar saya sedih,0,0,0,0,
Bagus,0,0,0,1,
sangat tidak berguna karena mau sign in aja susah padahal data sudah benar semua. disuruh kirim email pun malah tidak ada balasan,0,0,1,0,
Solusinya kalo salah masukin email gmn??masuk lagi pake no yg sama udh gal bisa??,0,0,1,0,
"Karyawan yg di daerah bintaro plaza judes2 bgt orng mau nukerin riwed ajh ga bisa , katanya lagi ga nerima riwed trs saya blng brti ga bisa ya, eh trs tmn yg satunya lagi blng es batunya abis jdi yg mna yg bnr aneh ,orng mau nukerin vocer ko bkn mau minta, glran yg di ceger strubcknya orng2nya pd ramah good job bgt beda sama yg di plaza",0,0,0,0,
"Lhaa malah salah password pas mau masuk,,pdhal kan sdh dftr tdi..begooo data guaa ktahuan daah",0,0,1,0,
Apa2an kata nya ada promo pake aplikasi giliran udah ke store nya karyawan nya jutek2 dan kata nya ga bisa pake reward mengecewakan Karyawan di bintaro plaza ga tau deh kalo di store lain seperti apa tolong donk pelayanan nya jangan seperti itu,0,0,0,0,
"sudah join, tapi pas login invalid user/pass, dan ketika mau join ulang nomer sudah terdaftar, payah nih keknya cuma mau ngambil data kita doang, dipake login kaga bisa",0,0,1,1,
"Gk bisa login gagal trs, nama gede hrga menunya mahal. Kok buat aplikasi kyk gini gk bisa apa IT nya disini sampah ya?",0,0,1,1,
Aku harap kalau daftarin temen pakai kode referal free 1 beverage or 1 food,0,0,0,0,
"Hi min, ku bingung gmn ya ini forgot password tapi ko gak masuk ya emailnya?",0,0,1,0,
Mantap 👍👍👍,0,0,0,1,
Baik,0,0,0,1,
Gak bisa login padahal udah daftar,0,0,1,0,
Jualan kopi aja gausah pake aplikasi gini. Ga jelas banget aplikasinya. Error ancur mulu,0,0,1,0,
Tidak bisa klik sign in. Padahal email dan password sudah benar.,0,0,1,0,
"Sudah top up tapi belum masuk saldonya dari tadi siang,statusnya pending terus...",0,0,1,0,
Top up BRI jdi g ada,0,0,1,0,
Lemot bangettt sumpah,0,1,1,0,
Baru kali ini nu aplikasi yang lelet banget.,0,1,1,0,
"Semua udah oke, tapi ketika mau sign up selalu gagal alasannya otp invalid.padahal otp sudah ceklis hijau,ini gimana yah minta bantuannya biar mudah signup",0,0,1,0,
Ngebug ya ? Mau login aja loading padahal mau bayar,0,1,1,0,
Semakin banyak lagi diskon,0,0,1,0,
Susah sekali msuk applikasix lm loadingx,1,1,0,0,
Log in kode otp bner tp invalid terusss sudah coba beberapa kali hampir 2 jam Okelah uninstal aja,0,0,1,0,
"KAK INI YG BNER AJA MAU DELIVERY WILAYAH BANDUNG MASA GA ADA OUTLET NYA , DI SEARCH JUGA GA MUNCUL",0,0,1,0,
Yang mau pake referal code nih. Biar dapet potongan harga. Lumayan kan. ZULFITRIF-EF8B5C,0,0,0,0,
Tidak bisa register,0,0,1,0,
Gbisa d instal.,0,0,1,0,
"MAP NYA NGEBUG , TOLONG DI BENERIN TOD",0,0,1,0,
ACl GameSopt,0,0,0,0,
"Haloo starbucks, kenapa ya kadang setelah topup, dana ga lgsg masuk kdang pending sampai 1 jam an",0,1,0,0,
Sign up aja harus pakai kode refferal. Jika tidak punya ga bsa dilanjutjan. Apa apaan aplikasi begini. Ga mutuu,0,0,1,1,
"Sya udh download apk starbucks, udh isi data, dibagian paling bawah diminta kode referral. Sya gak punya kode referral, jd gmn donk???? Huhuhuhu...",1,0,0,0,
Mau nanya kenapa sekarang gabisa top up di BRI ya?,0,0,1,0,
Daftar tapi ga bisa login. Lucu sekali. Dianggap id & password salah,0,0,1,0,
Baru Mau joint send OTP ke no HP kok gak adayang masuk? Sudah coba berapakali tetap gak masuk otp nya Setelah email ke CS langsung direspon dan sudah bisa,0,0,0,1,
Kenapa mau daftar aja selalu gagal ? Padahal semua udah lengkap di isi,0,0,1,0,
Kenapa ga bisa truss registrasinya ya???,0,0,1,0,
"The best👍 Dimanapun, kapanpun reward bisa dipakai. Outlet baru maupun lama tidak ada kendala sistem. Dan yg terpenting, sudah menjelajah di berbagai kota, tp jgn lupa performa barista tetap dijaga ya.",0,0,1,1,
Mau login ko susah amat ya,0,0,1,0,
Gagal otp terus menerus,0,0,1,0,
Payah nyoba sign up aja ga bsa bisa otp g kekirim .aplikasi payah ..hadeuh,0,0,1,0,
"Maps nearby error, saya di samarinda. Yg nearby malah jakarta semua",0,0,1,0,
"Heran, sekelas Starbucks tp aplikasinya bug. Otp verify ga masuk2. Ga bisa sign up.",0,0,1,0,
Haduh ini kok lemot banget mau top up aja yaa. Mohon diperbaiki yaaa. Masa iya customer mau bayar aja susah.,0,1,1,0,
kok gabisa login ya..muter² terus..pas coba hapus data login lagi malah g bisa..padahal email sm pass ny uda bener...ini gmn coba,0,0,1,0,
It's great app,0,0,0,1,
"Nice, moga berkembang trs. 👍👍👍",0,0,0,1,
Mau registrasi dan sign up ga bisa2 kenapa ya? Udah masukin kode otp berkali2 tapi invalid terus!? Belum siap app nya ya? Harus nya mudah klo ga bisa registrasi gimana min? Kartinya tetep bisa dipakai ga nih ada saldonya soalnya nih min??!!,0,0,1,0,
Mantap,0,0,0,1,
OK,0,0,0,1,
"Min cara belanja nya gimana ,saya di kalsel min",1,0,0,0,
Sign up gabisa bisa,0,0,1,0,
"Apk ga jelas, kode otp udah bener di kata salah, di ulang lagi nomor telar terdaftar. Ketika mau login. Malah tidak terdaftar",0,0,1,0,
kenapa aplikasi sering berhenti sendiri tolong cepat perbaiki agar saya bisa tambah bintang nya⭐⭐⭐⭐⭐,0,0,1,0,
"Login susah amat. Pas udah berhasil, tiap mau order lokasinya di Jakarta terus, Searching lokasi Surabaya ga ada, hadeeh mana masih ada saldonya. Mau dipake aplikasinya gajelas. Kalau belum siap, mending gausah aplikasi aplikasinya, nama udah gede harga mahal kok kayak gini.",0,0,1,0,
Untuk dapetin code refferal nya gimana ya ? Susah banget mau join,1,0,0,0,
Kenapa setiap mau sign in sudah request code lewat email tapi belum masuk juga emailnya. Sudah cob sampek 5x tetep gak ada email masuk.,0,0,1,0,
"Saya Gak bisa sign up , sms otpnya selalu berhasil masuk pas masuk sign up gak berhasil .",0,0,1,0,
Nice service n ramah,0,0,0,0,
Kereenn tingkatkan promo nya,0,0,1,1,
"Udah nyoba login berkali2 gabisa malah ke blokir pdhl email dan pass nya bener tpi selalu bilang pw/email salah, chat ke ig sbux ga di respond. Tolong dong tingkatin lagi performa apk nya",0,0,1,0,
"Bagus, top up nya juga mudah 👍",1,0,0,1,
Transaksi lancar n ga ada kendala. Thanks starbucks. 👍🏻,1,0,0,1,
"Ga bisa sign up, padahal otp bener. Hmmmz..",0,0,1,0,
"Ini saya tidak bisa masuk ke app starbucks, mau claim vocher!!!! Tolong di perbaiki dong",0,0,1,0,
"Ini aplikasi aneh,sy mau join gak bisa,sdh 10x dicoba tp tetap gak bisa.Mungkin Starbuck ini tdk butuh costumer ya.Kalo say sih gak mslh gak punya akun starbuck,sekedar ingin tau saja sih.Sy punya aplikasi kopi kekinian yg lagi naik daun.",0,0,1,0,
Good applikasi,0,0,0,1,
G bisa daftar udah coba berkali kali,0,0,1,0,
"Pengen regis gk bs min,gimana dong",0,0,1,0,
"Aplikasi starbucks saya kenapa gak bisa di buka ya? Udah log in bbrp kali, tapi selalu gak bisa. Pdhl udah masukin email n Password yg bener. Kalo mau buka aplikasi nya loading lama banget. Pdhl udh pake wifi dan data seluler. Tolong ini gimana ya kebijakannya? Saya termasuk seneng belanja di starbucks, cuma karna aplikasi nya ini susah di buka, jd saya agak sebel. Tolong perbaikan atau saran nya.",1,1,1,1,
Kok mau sign up mau masukin alamat email g BS y,0,0,1,0,
Kenapa engga engga bisa login kak..tolong dong,0,0,1,0,
"Referrar code, ini code dari mana? Tanya ke pihak karyawan starbuck juga gak tau!",1,0,0,0,
Kecewa banget udah ngundang temen pake referal saya tp sampai skrg ga masuk2 reward 50% nya. Dan saya jg hari ini sudah top up yg 300rb di starbucks store benhil tp 30 Star nya ga muncul2,0,0,1,1,
"Pertahankan peformanya, login dh mulai bener",0,0,1,1,
great apps!,0,0,0,1,
Belum coba pesan wk,0,0,0,0,
Deposit tidak bisa di belanjakan di luar Starbucks,0,0,1,0,
"Aplikasinya membantu bangettt, tapi semenjak Update kok jadi agak lemot ya?",0,1,1,1,
Aplikasi apaan sih...aku udh bolak balik ngirim kode verikasi email knapa gk bisa gituu lhoo..,0,0,1,0,
Gak bisa login,0,0,1,0,
"Gagal Login padahal udah bener email & password login nya, aplikasi ccd!!!",0,0,1,0,
Sy dah ubah password dan update. Smp skrg ga bs masuk2 alasannya salah password. Sy minta untuk reset pass word malah ga ada notif. Bagaimana ini?,0,0,1,0,
"Pertama nya iya ngebug, ada masalah saat login, loading terus. Tapi karena respon nya cepat & segera diperbaiki bug nya beberapa saat kemudian, ya salut lah, bertanggung jawab dan nggak lari dari masalah, ada tanggapan. Semoga semakin baik lagi untuk aplikasinya. Pekerjanya beneran kerja sih bagus",0,0,1,0,
"Mau login gak bisa padahal username dan password sudah benar, malahan akun saya diblokir. Sudah komplain ke customer service nya tapi pelayanan nya lambat sekali sampai sekarang belum ada solusi. Kecewa aja sih brand sekelas Starbucks aplikasi nya bobrok seperti ini",0,0,1,1,
Mantap,0,0,0,1,
Hargabya dong pake harga mahasiswa,0,0,0,0,
Percuma buat app. Tdk bs join. Ngak jelas,0,0,1,0,
App agak lama kerjanya ga bisa sat set :(,0,1,0,0,
Mantepss thanks,0,0,0,1,
Keren.,0,0,0,1,
Good,0,0,0,1,
Good,0,0,0,1,
"Aplikasinya benar² nggak jelas, saya sudah masukkan password email saya tapi, nggak bisa. Ini disuruh buat password nggak sih atau pakai password yang asli gitu. Tolong anda jelaskan.",0,0,1,0,
Aplikasi kaga ada jelas2 nya.....log in sampe diulang kaga pernah bisa sign up.....gw nya yg ga bisa apa aplikasi nya emang kaga jelas......,0,0,1,0,
top,0,0,0,1,
So far so good,0,0,0,1,
"Kopi terbaik, barista terbaik, staff terbaik 👍🏻",0,0,0,0,
ok,0,0,0,0,
"Sejak update aplikasi nya, buat buka aja lemot nya ajubilah, sampe nenek-nenek jadi muda lagi baru bisa kebuka. Aplikasi dibuat biar mempermudah, bukan bikin orang jadi emosi gara-gara lelet banget 👎👎👎👎",0,1,1,0,
Nice,0,0,0,1,
"Nggak bisa sign in sama sekali. Padahal pas join in udah beres, tinggal sign in aja. Tapi cuman stuck disitu ga bisa masuk",0,0,1,0,
Memuaskan,0,0,0,1,
Good,0,0,0,1,
KereN,0,0,0,1,
Good notion,0,0,0,1,
Nice app,0,0,0,1,
Tks Sturback untuk aplikasi nya,0,0,0,1,
Varian seperti frape java chip sm vanilla jika ada yg hangat lebih baik,0,0,0,0,
Love it,0,0,0,1,
Favorit🥰,0,0,0,0,
"Klian yg gada masalah jan lupa kasih bintang 5 okeii. Kesian jg bnyk bgt yg bintang 1 pdhl pasti banyak yg lancar2 aja tp ga ngasih bintang. Appnya bagus kok, aku dpt bnyk bgt voucher jd bisa sering2 beli deh wkwk. Tingkatkan trs ya starbucks!!!",0,0,1,0,
Ok,0,0,0,1,
Puas banget,0,0,0,1,
Mantap...banyak promo nya 👍👍,0,0,0,1,
😁,0,0,0,1,
Banyak promo......🤣👍,0,0,0,1,
Lumayan lah,0,0,0,1,
Good. Sometime takes time to open the aplication.,0,1,0,1,
Sangat baik,0,0,0,1,
👍👍👍,0,0,0,1,
The best coffee and coffee shop in the world,0,0,0,0,
"suka loading kalo pas susah signal aja macam di rest area, bandara gitu².. sejauh pakai app ini gampang sih buat transaksi di kasir",1,0,0,0,
Good aplication,0,0,0,1,
Gas,0,0,0,0,
Userfriendly,1,0,0,1,
"Minuman2 nya enak pake banget, favorit caramel machiato 🥰👍 , Tumbler nya lucu2 bgt 😍",0,0,0,0,
"⭐️5 lah pokok nya, starbucks always in heart",0,0,0,1,
Sangat nyaman n cepat... pokoknya sukses deh buat starbucks indonesia.... yang selalu memanjakan customer dgn beragam promo... 🙏🙏🙏,1,1,1,0,
Suka cuman sayang menunya gak bisa dilihat diaplikasi lagi,0,0,1,1,
ENAKKK BETUL MINUMAN NYA🤗🤗🤗🤗,0,0,0,0,
"Sekarang loginnya susah, setelah password loading terus lama. Tolong dibenerin, terima kasih",0,0,1,0,
"Gajelas banget, mau sign up aja lamanya sampe sejam sendiri, dibilang OTP code salah, padahal saat masukin OTP udh di confirm bener. Giliran udh bisa, mau sign in aja lama bgttttt, cape duluan",0,0,1,0,
The Best,0,0,0,1,
aplikasi aneh tinggal di surabaya ditunjukin di jakarta mulu. kalo emang mobile ordernya khusus jakarta trus napa ngasih kupon diskon2 di seluruh outlet,0,0,1,0,
Aplikasi bagus dan gampang digunakan.,1,0,0,0,
Cuma bisa mesen d area jakarta aja ya?????? Trus ngapaen store luar jakarta buat donlot???????????????,0,0,1,0,
"Awal punya member card gak perlu download aplikasi ini, kenapa pas mau beli gunain member card download aplikasi ini dan sama sekali gak bisa login. Di email slow respon 🥺. Bye lah gak usah pakai member card. Bad banget ini aplikasi",0,0,1,0,
G bisa login,0,0,1,0,
Sign tidak bisa Tidak ada email masuk,0,0,1,0,
"SEPERTI REVIEWER SEBELUMNYA, APLIKASI GBLK. Tinggal di Palembang tapi nunjukkin Jakarta, mau order tapi place tetep di Jakarta, GPS aktif, izin Location juga udah on, tetep aja di Jakarta. Gimana mau order, developer gak niat",0,0,1,0,
Aplikasi sering hang sekarang. Karyawan di grand indo kaku sekali...padahal lagi tum ler day. You suckssss Yach tetap saja saya bayar normal jadinya...promo nya kan jadi bohong namanya begitu bro...u sucks,0,0,1,0,
"Makasih, sudah bisa digunakan kembali",0,0,1,0,
"belum stabil aplikasi nya, Gagal login mulu (dengan keterangan Internal Server Error)",0,0,1,0,
Gak bisa di download aplikasi nya,0,0,1,0,
Tidak bisa di buka hari ini,0,0,1,0,
Sering ngecrash tapi kalau untuk pembayaran mudah,1,0,1,0,
Mau sign mau join susah semua padahal email sama kata sandi bener Ampe bikin email baru tetep salah juga aplikasi jelek,1,0,1,0,
Susah banget buat masuk Udah ga punya kode ko malah ga bisa,0,0,1,0,
Mantap,0,0,0,1,
Parah bgt mau sign in masukan email salah mulu padahal gw BNR dah masukan email & password pasti tulisan nya error' suruh masukan email yg benar .plz deh.gak bs login PK no hp ja gt??mana ada saldonya lagi di app SBUCK NYA😭😭😭😭😭😭,0,0,1,0,
Starbucks is the best,0,0,0,0,
Erorr.,0,0,1,0,
di update terbaru g bisa masuk katanya ponsel ter root padahal kondisinya lagi unroot..,0,0,1,0,
andi,0,0,0,0,
gabisa pencet tombol sign in error di sistem nya,0,0,1,0,
Good,0,0,0,1,
Gooood,0,0,0,1,
tidak bisa login,0,0,1,0,
Starbucks emang paling debes,0,0,0,0,
super app. thanks.,0,0,0,1,
"Parah, mau order di surabaya malah yang tersedia di jakarta ajaa.. segera di perbaiki",0,0,1,0,
Mantaap,0,0,0,1,
"selalu error gaada internet waktu mau login dan buat passcode pdhal internetny kenceng, tolong diperbaiki..",0,0,1,0,
Gk bs daftar knp ya gk mau msk terus,0,0,1,0,
"Mau order buat lokasi terdekat malah gabisa. Asik di jkt mulu, kan gue tinggal di medan. Dah di search dan on location. Mengheran",0,0,1,0,
Sangat bagus,0,0,0,1,
Excellent,0,0,0,1,
Paraaaaaah banget gabsa sign in sama sekali sampai cape bgt sumpah,0,0,1,0,
Aplikasi ga guna,0,1,0,1,
Starbuck mantap banyak bonus,0,0,1,0,
Terbaik,0,0,0,1,
Aplikasi tidak dapat dibuka.,0,0,1,0,
Gak asik,0,0,0,1,
"Mbak-mbak baristanya suka menjebak pembeli. Di daftar harga tertera 32rb, tapi mbak-mbak baristanya bilang ini itu ini itu, kami sebagai pembeli mengira itu free karena mbak-mbak baristanya gak bilang kalau tambah ini bayar sekian. Kopi yang tertera didaftar menu seharga 32rb, tapi waktu bayar 70rb.",0,0,0,0,
Top,0,0,0,1,
"Cek store terdekat aja ga bisa, gimana mau beli lewat aplikasi coba",0,0,1,0,
"Yang gabisa nemu OTP, kalian bisa cari di Bagian Promo di email disitu tertera Kode OTP nya",0,0,1,0,
Mohon dibantu starbuck saya udah join now saat saya mau sign in kok susah padahal saya udah punya kartu starbuck,0,0,1,0,
Kontholl mau masuk ribet banget sekeren apa si aplikasi lo dasar,1,1,0,0,
Yg bilang login masukin code perasaan saya gampang² aja gada kesulitan. Kesulitan nya cuma 1 mau milih tapi kantong menipis:((( muehehe:v,1,0,0,0,
Mantap,0,0,0,1,
Starbucks lu lagi kenapa sii sekelas lu kenapa ribet amatt gini,1,1,0,0,
"Rabu 17 November 21 jam 1353 dapat order dari customer sebesar rp.1juta lebih, sudah dikasih nota ,saya foto,saya tunggu diluar[karena nungguin didalam tidak boleh]sangat tidak menghargai ojol,saya tunggu 30menit lebih,pelayan cowok tinggi kurus keluar bilang mau dicancel, karena stok habis, njancuk koe mas, kerja nggak profesional, sekelas Starbucks dari Amerika tidak bisa menghargai waktu,waktu adalah uang,uang orderan saya hilang,tips customer juga hilang,staff Starbucks setahu saya min D3 ta",0,0,0,0,
Koq ga bs sign in yah???,0,0,1,0,
mau login tp d suruh update. Giliran mau update malah ga bisa2,0,0,1,0,
"jarang saya temui bintang 5, biar jd perwakilan, Jos sering ada Reward.",0,0,1,0,
Tidak bisa login ketika memasukan OTP gagal terus sudah 20kali. Tolong perbaiki lagi aplikasinya. Terimakasih,0,0,1,0,
"Sulit sekali untuk bisa log in, sudah berhasil join now tapi tidak bisa log in. Saya sampai coba forget password tapi tetap tidak berhasil.",0,0,1,0,
Mak nyusssss,0,0,0,0,
Nice service,0,0,0,0,
"Mantap ini ke3x dihapus, apps nya gk ngasih extra bintang pas top up, tulis email gk direspon, tlp customer care sibuk, ancuurrr, nipuuuuuu",0,0,1,0,
"gak bisa daftar katanya emailnya gak valid , pdhl email yang saya masukkan itu dipake setiap hari . Gimna sih ?",0,0,1,0,
"Ini kopi kalau tidak niat dengan adanya aplikasi mending tidak usah pakai aplikasi deh.. ribet banget 🤦🤦 ya ampun.. kalau untuk perbandingan aplikasi antara kopi kenangan lebih mudah,, mulai daftar, pesen,, pembayaran dll🤦 padahal sekelas Starbucks mewah kenapa lemah di aplikasi, sebagai pecinta Starbucks kecewa sih🤦🤦",1,1,0,1,
"Saran: minuman Internasional pelayanan kurang begitu baik,member sy sudah Gold sekarang menjadi Green Level mengapa❓❓❓ hitungan sy top up selama sebulan bisa mencapai 1.5juta..itupun sebagai pelanggan yg penikmat kopi tidak dirangsang dgn hadiah - hadiah ( karena jaman omincron )mohon utk kelanjutan dalam berbisnis..cari karyawan yg mengerti akan setiap pelanggan jangan bekerja dgn muka dilipat menjadi 6...",0,0,1,0,
Belom bisa order di bandung. Nanti klo ud bisa order ganti bintang 5,0,0,1,0,
E-CODE NYA ERROR MULU KALO NGASIH OTP YANG BENER BIKIN INVALID MULU SANDI BENER EMAIL BENER Kalo ga niat ngasih KODE ke pembeli gaush bikin apk nya.,0,0,1,0,
Ga jelas ga bisa masuk no otp tidak valid ga jelas,0,0,1,0,
Very good,0,0,0,1,
Baik,0,0,0,1,
Good coffee quality,0,0,0,0,
"Aplikasi rusak, ga bisa login _- internet tidak ada akses padahal sinyal kenceng _-",0,0,1,0,
"Aplikasi gak bisa dibuka sama sekali, markom nul markom nul doang, balanceku masih ada. Kesal",0,0,1,1,
Bagus.,0,0,0,1,
Banyak promo,0,0,1,0,
"saya bantu ngasi bintang 5, kasian adminnya salah mulu ;)",0,0,0,0,
"ga bisa sign in, padahal emailnya bener, passwordnya juga bener",0,0,1,0,
Sangat puas minum starbucks,0,0,0,0,
Aplikasi ini sangat berguna kasih bintang 5 jika bisa pembayaran via gopay,0,1,0,1,
"Ga bisa registrasi, salah mulu ky cewek",0,0,1,0,
"Gabisa login terusss dah hampir sebulan nyoba login belum bisa2 sampe sekarang:""",0,0,1,0,
"Aplikasinya sakit, mending starling ga ribet :)",0,0,0,1,
"Tidak bisa daftar, selain kendala kode OTP, banyak juga kenda lainnya saat mendaftar, seperti server error dan nomor atau email katanya sudah terdaftar padahal belum pernah download dan daftar sebelumnya. Sudah banyak komplain mengenai hal ini tapi pihak yang bersangkutan juga belum mengatasi sampai sekarang.",0,0,1,0,
"""INTERNAL SERVER ERROR"" PLEASE FIX IT.",0,0,1,0,
Feel at home❤😍👍🙏,0,0,0,0,
Good taste,0,0,0,0,
Ok,0,0,0,1,
"aplikasinya parah cacadnya ..lemot, lama, buat id aja prosesnya lama...masak starbuck buat aplikasi yg mufah simple aja g bisa g kayak branf kopi lain yg mudah simple cara daftar dan buat id nya...cacad parah sihh....dah banyak yg ngasih review jelek g malah diperbaiki aplikasi ..dasar hadehhh....",1,1,1,1,
Jangan percaya voucher 10k,0,0,1,0,
"Banyak penawaran asal diberikan ke konsumen, tanpa melihat kondisi dilapangan. Hapus aja aplikasi ini kalau tidak bermanfaat.",0,0,1,0,
Susah banget joinnya,0,0,1,0,
"Tidak bisa login, daftar pakai no lain juga tidak bisa",0,0,1,0,
Coffe nya the best,0,0,0,0,
Udah input verifikasi code yg dikirim ke email ttp gak ba masuk udah berapa kali dicoba ttp gak bisa,0,0,1,0,
Semakin di maksimalkan ya seluruh fitur nya,0,0,1,0,
Jos mantul,0,0,0,1,
Sangat membantu,0,1,0,1,
Oke dan cepat,0,1,0,1,
Harus lbh dipermudah lagi yaa aplikasinya Starbucks,1,0,0,0,
Susah masuk nya,0,0,1,0,
Log in nya kaga mulu dah,0,0,1,0,
Good apps,0,0,0,1,
👍🏻👍🏻👍🏻,0,0,0,1,
Ok,0,0,0,1,
Mau ganti password gabisa login terus. Padahal sudah perbarui password,0,0,0,1,
"Percuma download, ribet, gak bs ter-registrasi...",0,0,1,0,
Menarik,0,0,0,1,
"Aplikasinya buruk, ketika saya ingin join dan menginputkan kode security selalu gagal krn jaringan. Dasar aplikasi jelek",0,0,1,1,
"app sangat lambat loadingnya, harap di upgrade. Kecewa",0,1,0,1,
"Kasih bintang 1 aja, daftar, di kaaih kode otp, pas isi data, kode otp invalid....🤣🤣",0,0,1,0,
Semua udh bnr tp gabisa signin susah bgt,0,0,1,0,
Okee sudah nice 👍,0,0,0,1,
Ribet mau login aja ngga bisa iklas ngga sih bikin aplikasi ini,0,0,1,0,
Aplikasi busuk mau masuk ribet amat,1,1,0,0,
"Aneh banget , udh lengkap buat join. Internal server error terus.",0,0,1,0,
susah dipake,1,0,0,0,
Buang2 wkt udh daftar masuk pass tp g bs hadeehhh repot udh masuk email udh berhasil eh loading terus,0,1,1,0,
"Apk semple. Udah daftr, Giliran log in gk bisa username invlid terus diforgt juga gk dpt blsn email, ini apk gj bnget saya sudah coba dftr 2x dengn no tlfon berbeda dan email berbda tetap sama gk bisa log in.",0,0,1,0,
Susah kirim OTPnya mending gak usah download sebelum ada perbaikan jelas,0,0,1,0,
Good,0,0,0,1,
"MENDING GAUSAH DOWNLOAD, APPLIKASI GAK GUNA, UDH KLIK KIRIM OTP BERKALI2 GAK ADA 1 PUN OTP YG MASUK KE SMS",0,0,1,0,
benerin tuh null code gajelas duit w banyak disini,0,0,1,0,
Gak jelas gak masuk masuk otp nya,0,0,1,0,
"Mohon aplikasi nya segera diperbaiki. Setiap join gak pernah dapet kode otp nya,padahal nomor hp yang gw masukin udah bener. Terus daftar lewat website nya malah gagal terus.",0,0,1,0,
OTPNYA GAK DIKIRIM KIRIIIIMMM . UDAH SEJAM GUE KLIK BERKALI KALI MINTA KODE OTP ! NIAT GAK SIH BKIN APK MEMBER?,0,0,1,0,
Ga jelas bgt mau sign up kode otp ga dikirim-kirim . Sekelas starbucks aplikasinya nge bug gini terus. Auto uninstall deh,0,0,1,0,
"Ga bisa digunakan, apk ngebug",0,0,1,0,
Register udah tinggal sign aja gaisa hdeh gamau jalan sign nya,0,0,1,0,
Aplikasi yang mengecewakan,0,0,0,1,
Ga bisa masuk,0,0,1,0,
"Bagus, tp 6bulan kadaluarsa kartu, jd hangus uang di kartunya.",0,0,1,1,
Ini kenapa gabsa login sih. Udh dpt otp segala macem ttep gabisa. Mw login dibilangnya salah password. Aneh ni aplikasi,0,0,1,0,
"aplikasi belum layak pakai, harap di maintenance ulang",1,0,0,1,
"Aplikasi gajelas, gabisa login aneh padahal baru sign up",0,0,1,0,
Tidak bisa ditarik uang nya kesel bngt buang2 duit dengan percuma,0,0,1,0,
Enak buat nongkrong,0,0,0,0,
"Alahhhhhh marketingggg di janjiin promo ini itu, tapi di persulit .. biar apa??? Biar di download tuh aplikasi 😑",0,0,0,0,
"Aplikasi nya nggak bisa di minimaze, mau liat kode otp diemail, malah kembali ke aplikasi ke hal sign in 😣😣😣",0,0,1,0,
Udah instal apk error ! Payah !!! Kasih bintang 1 karna apk nya tidak bisa dipakai dan server eror terus !!!,0,0,1,1,
We've vvttvl,0,0,0,0,
Promo tiputipu..,0,0,1,0,
"Please jgn download karena bakal susah/ bahkan gk bisa login. Saya sudah dapat kode otp dari email, lalu sudah saya masukan kode itu ke apk Starbucks. Tapi kenapa notif nya password salah. Dan sudah saya ulangi resens otp 5x . Tetap saja gk bisa log in, sungguh buang2 waktu dan kuota demi promo 10rb",0,0,1,0,
Mau login ga bisa woyy,0,0,1,0,
Intern sever error,0,0,1,0,
Gak bisa login terus,0,0,1,0,
Internal server error,0,0,1,0,
Bapuk,0,0,0,1,
RANIAC-698E87 gunain vocher aku buat dapet dis 50%,0,0,0,0,
"Loading terus, gabisa dipake",0,1,1,0,
Gak bisa sign in,0,0,1,0,
gabisaa log inn 👎🏾👎🏾👎🏾,0,0,1,0,
Login eror terus....,0,0,1,0,
Error terusssssss,0,0,1,0,
gabisa sign in blok,0,0,1,0,
"ga bisa daftar, error terus aneh",0,0,1,0,
No internet connection pala lo peyang. Kesel bgt gue!!,0,0,1,0,
Gajelas tiap signin gabisa,0,0,1,0,
"Ini komentar saya yg ke 3 setelah 2 komentar sebelumnya di atas tanpa ada solusi sama sekali, coba deh kalian install aplikasi trus login / forgot password ,, gw jamin kode verifikasi nggak bakal masuk ke email kalian",0,0,1,0,
"Thank you for update, sudah lebih stabil dan user-friendly.",0,0,0,1,
Ngga bisa log in.... Padahal tinggal masukin kode Verifikasi nya aja,0,0,1,0,
sekelas Starbucks kok aplikasi nya gini,0,0,0,1,
Ga bisa login,0,0,1,0,
Gabisa login woi gimnaa;(,0,0,1,0,
Udah daftar udah selesai tapi pas log in masukin paswd malah gabisa 😶,0,0,1,0,
Bali dikit boss masak jakarta,0,0,1,0,
Aneh kaga bisa daftar,0,0,1,0,
Mau login susah bgt,0,0,1,0,
Mau masuk suruh masukin email sudah bener semua tapi ga bisa anjrot,0,0,1,0,
"Aneh bgt sgala make referer kode, gajelas dh kan baru mau bikin akun knp jd ribet.",0,0,1,0,
Jelek bangeeeeed ribed,0,0,0,1,
"Aplikasinya ga jelas. Mau masuk aja ribet, gimana sih.",1,0,0,1,
"Saya mau applay promo di startbuck tsm bandung ga bisa, tolong priksa",0,0,1,0,
Baru download :( udah join in trus mw sign in tapi katanya invalid,0,0,1,0,
yang bener kalo bikin aplikasi gblk,0,0,0,1,
ga bisa login login jadi males,0,0,1,0,
"Click bait saja, tipu2",0,0,0,1,
"Gak bisaaa.... Pass di sign up failed keterangannya kode OTP failed, pdhal itu kode yg ngirim starbuck lgsg ke no HP kita.... Anehh!! Uninstall ajahlahh....",0,0,1,0,
Internet server error Mulu padahal udah coba berhari hari dan pakai internet yang lancar. Ini kenapaaaa,0,0,1,0,
"Aplikasi eror, di email tidak ada penyelesaian. Bagaimana ini?",0,0,1,0,
Setiap percobaan login selalu stuck di konfirmasi kode pin karena loadingnga ngak pernah selesai alhasil gak bisa masuk. Tolong di perbaiki.,0,0,1,0,
Eror mulu gajelass,0,0,1,0,
Yang buatnya ke sirit mukanya ke kntl. Kntl nya budug,0,0,0,0,
"Setiap kali memasukkan OTP not match, padahal udah copy paste. Wasting time !!!",0,0,1,0,
login gabisa gajelas,0,0,1,0,
Ada promo kah Starbucks ukuran tall @Rp10.000 SD 31des 21?,0,0,0,0,
kenapa susah sekali loginnya? sudah ketik buat password beberapa kali tapi tidak bisa log in,0,0,1,0,
Loginnya susah..otp sms smp 4x..otp email smp 2x..pas bikin code pasword malah eror terus.,0,0,1,0,
"Ga bisa login, masih erroe",0,0,1,0,
Susah sekali untuk sign in,0,0,1,0,
gabisa login mulu. aplikasi masih nge bug gini udah di launching aje,0,0,1,0,
"Mau daftar aja ""internal server error"" terus. Gada pilihan bahasa Indonesia lagi. Aplikasinya kayak nggak selevel sama Starbucks gitu.",0,0,1,0,
Mau log in aja susah hadehh,0,0,1,0,
Cara order minum di tangerang gimana ia....,1,0,0,0,
Referral code nya apa ya ?? Gk paham saya,1,0,0,0,
Susah sig in,0,0,1,0,
"Woii..kamu niat gak sih bikin aplikasi ini kok sy udah daftar 2 nomor hp saya yg berbeda dan email semua sukses pd saat join daftar ,masalahnya trouble ada di login pdhl waktu daftar join sukses semua giliran mau login ga bisa...anehh..aplikasi guoblokk taiii",0,0,1,0,
Atur passcode ga bisa bisa,0,0,1,0,
OTP incorrect mulu pdhl udah bener. Susah juga yg mau daftar🥲,0,0,1,0,
Ga bisa daftar,0,0,1,0,
Servernya Eror nih perbaikin dlu,0,0,1,0,
"Mau tnya untuk order lgsg mlalui apk ini,hny di daerah jakarta dan skitaranya??bisa tidak order lgsg lwat apk ini utk daerah lampung???",0,0,1,0,
Setelah berhasil daftar Mala keluar sndri trus pas dibuka lg Mala stuck di logo awal doang gimna dong😔,0,0,1,0,
"Halo pihak starbucks, kenapa yaa saya gabisa sign in? Tulisannya something wrong terus padahal saya sudah daftar klik join dan sucsses tulisannya. Pas mau sign in gabisa?",0,0,1,0,
Niat engga sih ngasih reward. Engga profesional untuk sekelas starbucks,0,0,1,0,
"Aplikasi gagal, harus banyak perbaikan, gak recomended sih untuk sekelas starbucks",0,0,0,1,
"Ribett sekali, pengguna baru nggak bisa loginn",0,0,1,0,
Aplikasi ga bisa dibuka smpah.,0,0,1,0,
Aplikasi apaan si login aja susah bet,0,0,1,0,
Kesel banget ama apk ini eror terus ga bisa log in sama sekali!!🙄🙄,0,0,1,0,
"sudah daftar pas mau login sama pasword internal server error,tolong dong diperbaiki aplikasinya",0,0,1,0,
LOL banyakan error,0,0,1,0,
G bsa log in,0,0,1,0,
Apa apaan saya baru download gabisa login dengan alasan server error gimana si,0,0,1,0,
Login gagal? Pengguna baru ga diterima disini bro,0,0,1,0,
"Saya baru daftar, udh berhasil dapat balasan email, trus pas saya mau log in knp gak bisa ya ?",0,0,1,0,
Kok udh forgot Password tp gak ada email buat resetnya ya,0,0,1,0,
"Aplikasi jelek, sudah joint, tapi saat login selalu dibilang invalid username/password",0,0,1,0,
"SUSAH BANGET BUAT REGISTER, SUSAH VERIFIKASI SEMUA TETEP AJA GABISA, MENDING GAUSAH DONLOT DEH",0,0,1,0,
"Baru buka aplikasi nya udh eror,,dr smlm udh dicoba bbrpa kali ttp ga bisa",0,0,1,0,
ada promo sampai tanggal 30 Desember kan min?,0,0,0,0,
"Ketika melakukan registrasi terdapat notifikasi gagal karena internal server error, tp saat dilakukan registrasi ulang tidak dapat karena email/no telp sudah terdaftar, tapi dicoba lupa password juga tidak masuk di email.",0,0,1,0,
kenapa saya mengalami kesulitan untuk login padahal emaik dan pw sudah benar,0,0,1,0,
"Email nya udah pas, waktu mau sign up eh ga bisa pass nya jg udah pas",0,0,1,0,
server eror trus kalo mau login,0,0,1,0,
Bru aja buat akun pas mau login malah gbs pdhal email sm password sama. Jelek bgt apknya tlg dibantu ya,0,0,1,0,
"Gak bisa login gimana lah udah daftar, sistem error terus",0,0,1,0,
code referrel nya apa ya,1,0,0,0,
"tolong di perbaiki app nya, gak jelas ribet bgt, sudah berhasil join pas mau sigh up email atau pwd salah terus. Capek 👎",0,0,1,0,
ribet,0,0,0,1,
Saya ingin daftar kok servis gangguan terus iya knpa kira²,0,0,1,0,
Ga bisa login.. notifikasi nya internal eror..keburu abis promonya..hehe,0,0,1,0,
Ga bisa daftar akun,0,0,1,0,
Saya tidak bisa masuk ke akun pribadi saya,0,0,1,0,
APLIKASI NYA NIPU,0,0,0,1,
Udh join now tapi gak nerima2 email dan pas sign in gak bisa2:(,0,0,1,0,
"Pendaftaran akun sudah berhasil, akan tetapi pada saat sign in muncul kata ""Internal Server Error"" itu terus. Tolong diperbaiki secepatnya ya, terimakasih 😊",0,0,1,0,
Aplikasi cacad udh berhasil daftar malah ga bisa masuk.,0,0,1,0,
difficult to login sometimes,0,0,1,0,
gabisa login. internal sever error mulu ckckck. gabisa login tiba2 ada tulisan akun gue diblock. aneh banget. dari 2 tahun lalu juga gue uda pake app ini dan ternyata masih sama masalahnya. gaada perkembangan.,0,0,1,0,
Server error teross kenapa yee?,0,0,1,0,
"Mau join aja susah banget , internal eror trus 😌",0,0,1,0,
BENER BENER ANEH BANGET NI APLIKASI. UDAH MASUKIN KODE OTP YG BENER BERKALI2 TETEP AJA GAK BISA LOGIN. CCD,0,0,1,0,
"Ribet daftarnya gak bisa2, email saya belom pernah daftar sama sekali. Males ahh uninstal bae",0,0,1,0,
"Mau masuk ribet bgt, Padahal sudah finish tinggal Masuk suruh verif kode lewat email, setelah dapat kode dari email, di masukin kode nya ga bisa, katanya ga valid, HELOOOO itu kan yg ngirim kode nya juga Starbucks, di masukin td ga valid terus katanya, ANJJingg Nyesel bgt download nya, buang2 waktuuu!!!!",0,1,1,0,
Internal server error mulu,0,0,1,0,
Uda dftr tp mau log in gak bisa2.. bikin oasw utk log in malah katanya no connection.. aneh,0,0,1,0,
"Udah bikin akun tapi ga bs sign in,😞",0,0,1,0,
"Login aja susah banget tolong ditimgkatkan lagi, Progammernya tolong kerja yang bener",0,0,1,0,
Sudah join..pas mau masuk eh eror Mulu... kecewa,0,0,1,1,
Gk bisa signup loooohhh huuuffttt,0,0,1,0,
gk bisa login,0,0,1,0,
"Haloooo ini kenapa trouble di sign in yaaa? Saya sudah mau sign in, udh dapet otp di email, tp di laman aplikasi nya gaada kolom untuk input kode otp. Moon bantuan",0,0,1,0,
LOADING MULU,0,1,1,0,
Gabisa masuk padahal udah daftar pas udah mau login malah gabisa tertulis Server Error maunya gimana sih?,0,0,1,0,
Ok,0,0,0,1,
Mantappp banyak rewardnyaaa,0,0,0,1,
keep error,0,0,1,0,
Good,0,0,0,1,
Keren bgt,0,0,0,1,
Good,0,0,0,1,
"Terima kasih ya Starbucks, setelah update dgn versi yg ini, aplikasi Starbucks sy bisa di buka lagi... 👍👍👍",0,0,0,1,
Okeah,0,0,0,1,
Keren,0,0,0,1,
Maintain Good Job Mike...,0,0,0,1,
Serve n Kept goin,0,0,0,0,
Bagus,0,0,0,1,
Ok mantap keren bagus yuhhuuuu,0,0,0,1,
Bagus,0,0,0,1,
Enak,0,0,0,0,
Good,0,0,0,1,
Suka ..pelayanan sangat baik,0,0,0,0,
Makin Croot dech suka sama Starbucks mantul lah... Banyakiiin promo yang Croot croot Biar Mantap,0,0,1,0,
Aplikasi nya tidak bisa dibuka setelah mengaktifkan airplane mode,0,0,1,0,
Ribet login nyaa,0,0,1,0,
Login gak bisa nih. Ga dikirimin kode verifikasi ke Gmail nya .. payah.,0,0,1,0,
Interface bikin ribet lebih dari bank buat lebih efisien seperti gesture atau pin . setalah logout harus ini itu apk untuk minum bukan perbankan aman sih aman cuma terlalu ribet buat yg seefisien mungkin,0,1,0,0,
Memudahkan sekali utk yg sering lupa naruh atau ketinggalan Starbuck Card. Tapi pricelist menunya belom ada. Semoga kedepannya ada dan semoga tambah laris hehe,0,1,1,0,
Good,0,0,0,1,
"Kenapa mau buka app ga bisa?? Keterangan nya ga, ada signal padahal wifi full dan lancar banget ga ada masalah.. Payah banget nih applikasi.. Percuma download klo ga bisa di pake",0,0,1,0,
"Ga bisa login, orang passwordnya juga sama. Reset password ttp ga dpt email :))",0,0,1,0,
"Sering log out, dan g bisa masuk lagi sampai sekarang, sudah lupa pasw diganti pas mau masuk dibilang invalid User Id or Pasword",0,0,1,0,
Kok saya udah 3minggu ini ga bisa² login ya?,0,0,1,0,
Daftar sejak 2016 tidak jadi jadi. Aplikasi starbucks indonesia 👎🏿👎🏿👎🏿👎🏿👎🏿. Pelanggan setiamu sampai sekarang.tapi aplikasimu yang mengekecewakan.,0,0,0,1,
Bagus,0,0,0,1,
"Ribet, mau join aj di bikin ribet. Udah masukin 2 email eh ga bisa. Katanya ga valid. Padahal daftar apa aj pake email itu bisa2 aj. Pas tes pake email asal2an eh malah masuk. Tp Ujung2nya ga bisa verifikasi email gra2 Cuma ngasal...jgn bikin aplikasi dh kalau ribet.",0,1,1,0,
Good,0,0,0,1,
SETIAP MAU MASUKIN KODE PIN PAKAI PAKET DATA SELALU ERROR ! GAK NGERTI LG SKRNG SM APP STARBUCKS,0,0,1,0,
Pin tidak terkirim saat melakukan sign in untuk mendaftarkan akun. Sudah dicoba resend code berkali-kali tapi tidak ada kode pin yang terkirim ke email...,0,0,1,0,
Mantap,0,0,0,1,
Starbucknnya bagus banget,0,0,0,0,
Promonya kadang berbeda di semua outlet starbucks,0,0,0,0,
T c,0,0,0,0,
Nice taste....,0,0,0,0,
Gimna mau dapat OTP ?? Sudah resend berkali-kali tpi sms gk ada masuk. Ada cara lain buat sign up ??,0,0,1,0,
Kode OTP nya kok ga masuk masuk ke pesan sih...,0,0,1,0,
Rasa kopi nya enak banget,0,0,0,0,
Sudah daftar ikutin petunjuk. Mentok2 password invalid🤣🤣🤣🤣🤣. Halooouuuuuuu!!!!!!.#starbuck indonesia#,0,0,1,0,
"Susah join nya, otp nya gak masuk-masuk (via SMS)",0,0,1,0,
aplikasi tidak bisa di buka sama sekali. pake paket data ataupun wifi. tolong segera diperbaiki.,0,0,1,0,
Susah amat app ini GK jelasss ngajak berantem gw dah tiba² keluar sendiri terus daftar nya susahnya minta ampun,1,0,1,0,
"ga bisa login aplikasi semenjak update, refresh page mulu anjir tolong donk ditindak lanjuti team developer nya",0,0,1,0,
Jos,0,0,0,1,
sumpah ga bisa ganti pasword.... ga masuk email nyaa... ampunnnn,0,0,1,0,
trash.. i download it 3 times and still cant open the app. it says i dont hv connection. my internet connection is running well. Such a waste of time downloading this app.,0,1,1,0,
Saya belon dapat order Starbucks indonisah,0,0,1,0,
"Tiap buka aplikasi selalu konfirmasi kode ke email, RIBET!",1,1,0,0,
Sangat menyenangkan dan hemat waktu menggunakan applikasi ini,0,1,0,1,
"Lambat ngirimin kode OTP nya lewat email,klo bisa jngn lewat email lgi ngirim otp nya melainkan lewat w'a atau SMS",0,0,1,0,
Tempat diskusi yg enak banget ....,0,0,0,0,
Is the best,0,0,0,1,
Kenapa ndak bisa log in dan infonya internal server error,0,0,1,0,
"Sdh berhasil daftar tp ga bisa login, daftar ulang dikatakan email sdh terdaftar, buat lupa password, email reset password tdk ada masuk, pilih login muncul notif internal server error. Berulang kali install re install tetep g bisa juga. Payah...",0,0,1,0,
Happy,0,0,0,1,
Internal server eror terus!,0,0,1,0,
Setiap log in internal error trs.,0,0,1,0,
Menyenangkan,0,0,0,1,
"Kak saya barusan membuat lagi join up dengan email dan pw yang berbeda tetapi pas di sign in nya malah tidak bisa, kenapa ya ini?",0,0,1,0,
ga bisa sing in...internal error mulu masa😏,0,0,1,0,
Mau login error mulu,0,0,1,0,
"Karena diinfo kasirnya tuk download Starbucks makanya mau download, belom tahu akan ada manfaat atau tidak. Tapi begitu mau proses registrasi, susahnya minta Ampun, error Mulu, kayak penting banget aja, kayak dibutuhkan banget aja hahaha, langsung DELETE, menyebalkan proses registrasi nya, HAPUSlah gag butuh",1,1,1,0,
"Driver gojek & grab yg pernah jadi member platinum pada masanya, syg udh goresto",0,0,0,0,
👍,0,0,0,1,
Banyakin promo ya...,0,0,1,0,
Kenapa setelah diperbaharui malah aksesnya no wifi terus??? Padahal sinyal n kuotaku penuh,0,0,1,0,
"Saya tidak bisa sign in sudah beberapa kali coba, padahal jaringan internet bagus, apa solusinya?",0,0,1,0,
Smoga di acc,0,0,0,0,
"Baru join, kok pas mau sign in gak bisa masuk. Error mulu. Ini gimana ya? Apakah kalo di android emang gak bisa?",0,0,1,0,
Gak bisa di akses,0,0,1,0,
Not good,0,0,0,1,
Free one vintage,0,0,0,0,
Stelah d update dibuka mesti pake Wifi g bisa kuota hp ... jelek banget,0,0,1,0,
Wah saya dapatkartu nya saya dapat makanan dan minuman,0,0,0,1,
Senang dengan diskon²nya,0,0,1,0,
RIBET KALI YA MAU LOGIN AJA.....GA GUNA APLIKASI KAYAK GINI,1,1,0,0,
Aplikasi ini mempermudah dan membuat saya banyak dpt promo. namun jika batre hp saya habis. maka saya yg susah.,0,1,0,0,
Knp review org² pada gak bagus? Berarti emg gak cocok pny aplikasi spt kopi kenangan yg nyaman di pakai.,0,0,0,1,
"Setelah di update, ga bisa d bukaa Can't connect to the network terus 😢padahal ada kuota, solusi nya gmn min",0,0,1,0,
Ok,0,0,0,1,
Kopi susu,0,0,0,0,
My Fav cafe 🥰 & coffee,0,0,0,0,
Good Jobs,0,0,0,1,
"Setelah diupdate aplikasi malah tidak bisa dibuka terus, selalu tulisannya retry jaringan tidak ada, pdhl sedang connect wifi hufft jd repot cek saldo dan rewardnya",0,1,1,0,
👍,0,0,0,1,
"kode verifikasi hbs daftar mana gamasuk2 email dh bener, ealah ribet",0,1,1,0,
"Kirain cuma gw doang yg gak bisa login, buat dapet code verifikasi di gmail gak masuk-masuk email nya, mohon di bantu untuk masalahnya",0,0,1,0,
"Aplikasi tidak bisa dibuka jika menggunakan kuota hp,, kl saya pake WiFi kantor baru bisa. Tdk user friendly stlh diupdate, aplikasi jadi butuh kuota yg besar untuk membukanya. tlng diperbaiki..",1,0,1,0,
Akhirnya setelah tidak bisa dibuka sekarang dah bisa lagi lancar.. terima kasih banyak,0,0,1,0,
Tetap menjadi idola unk keluargaku BiHiZa,0,0,0,0,
"Kurang kompatibel saat isi pin, malah dikira isi otp, keyboardnya jadi naik turun, tapi apps keuangan lainnya lancar lancar aja Perbaikan masalah sangat cepat, feedback costumer didengar dengan baik",0,0,1,0,
Buang2 waktu gw aja,0,1,0,0,
Good,0,0,0,1,
Apakah Ulasan ini membantu. tolong supaya bisa di cek unek uneknya.,0,0,0,0,
Mudah diakses,1,0,0,0,
kembangin terus ...,0,0,0,1,
"As long as keren seh,,, cuman ada bbrp outlet yg pelayanan nya lambat meskipun Costumernya kurang",0,0,0,0,
"Pokoknya klu mau ngopi ingat starbucks, soalnya ada susu soya😄😄",0,0,0,0,
"yassalam , ini aplikasi kok makin ancur fungsionalitas + UI nya awowkwkw, gw mantan developer android starbucks yang dulu pernah nanganin ini aplikasi, perasaan terakhir update UI sign up nya masih rapih dah, ini jadi begajulan lagi wkwkw, mana force close pas di coba",0,0,1,0,
Good saya sering dapat bonus,0,0,0,1,
"Jujur sih, buat di hape jadul ga enak bener app nya, aku kasih bintang 5 karena aku yakin kalian masih bisa terus berkembang. 😊👍👍",0,0,1,0,
Sbucks knp yaa ga bs sign in,0,0,1,0,
Setelah diperbarui malah ga bs login kembali.,0,0,1,0,
"Setelah update, malah tidak bisa log in karena ""internal server error"". Coba beberapa kali log in malah tetep tidak bisa dan akun di block 😂",0,0,1,0,
Gila sih sekelas starbcuk apps nya kaya gini jeleknya. Ketika apps di buka ga bisa2,0,0,1,1,
hari ini sy mo bayar pk starbucks mobile app..tp sm sekali ga bisa di buka..udah di uninstall terus di download lg ttp ga mau terbuka...berat bgt kynya masalah starbucks app ini..,0,0,1,0,
"Ini kenapa ya, app nya gak bisa dibuka. Sudah update padahal 😞",0,0,1,0,
SB the best...😍😘,0,0,0,0,
Ada problem apa ya kok ngga bisa di buka aplikasi nya?,0,0,1,0,
mudah dan fungsional,1,1,0,0,
"adanya Starbucks di sby sangat enjoy utk ngeloby dgn para kolega, juga suasananya sangat nyaman utk share dgn para businessman",0,0,0,0,
"Kekurangannya cuma 1 nggak bisa ganti nomor hp kalo udah jadi Member Premium. Rubahlah itu peraturannya, masa mau ganti nomor g bisa",0,0,1,0,
Setelah di instal ga bisa ke buka,0,0,1,0,
Di update tapi ngga bisa sign in lagi ke aplikasinya dan akibatnya ngga bisa cek saldo dan reward. Begitu beli langsung di counter jumlah reward beda dengan sebelum di update. Adakah solusi untuk hal ini? Hub customer service solusi yg diberikan tidak menjawab masalah.,0,0,1,0,
"Kemarin tgl 21 juli di suruh up date,langsung saya up date... Eeee...sampe tgl 23 ini aplikasi tdk bisa di buka setelah di up date..",0,0,1,0,
Update jadi ga bisa di buka,0,0,1,0,
Habis update terbaru malah ga bisa di buka ngebuk aplikasinya,0,0,1,0,
hallo kok setelah pembaruan app gak bisa dibuka yaa???,0,0,1,0,
"Aplikasi tidak bisa di buka setelah update, tolong di perbaiki dan update kembali",0,0,1,0,
"Perasaan Tambah hari gak tambah memudahkan ya, tambah ribet, tambah banyak masalah, sekarang aplikasinya tidak bisa dibuka, padahal masih lumayan saldonya, kacauuu, gimana kalo gini???",0,1,1,0,
Kenapa sering log out sendiri,0,0,1,0,
Aplikasi tidak bisa dibuka,0,0,1,0,
"Hari ini saya topup saldo ecard saya sebesar 200.000 kenapa tidak masuk ya hiks..saya topup sblm aplikasi diupdate, ketika update ko saldo malah tidak masuk, dan histori tidak muncul padahal di aplikasi sebelumnya ada akan tetapi saldo tidak nambah, gmn solusinya?",0,0,1,0,
"Parah beud, isi kode / otp masa harus klik kotaknya 1 per 1,",0,1,1,0,
Aplikasi tolol. Verifikasi aja di persulit!,0,1,1,1,
So bad.... Why i can't join in starbuck ? Why I can't make an account ? And why i don't get my OTP CODE ?,0,0,1,0,
Bagaimana saya mengetahui nomor kartu starbuck dan pin nya??,1,0,0,0,
Nice,0,0,0,1,
Nice,0,0,0,1,
👎👎👎👎👎👎👎👎👎👎👎👎👎👎👎👎👎👎👎👎👎👎👎👎👎👎👎👎👎👎👎👎👎👎👎👎👎👍👍👍👍👍,0,0,0,1,
Starhucks... Septy,0,0,0,0,
Ok,0,0,0,1,
Mau daftar aja susah banget. Jadi berasa aplikasinya gak membantu sama sekali,1,1,0,0,
Tolong dong starbucks saya udah berkali kali log in di aplikasi nya tapi tidak perna dapat kode otp sms dari starbucks gmn saya mau log in ??,0,0,1,0,
🍺,0,0,0,0,
Good aplikasi,0,0,0,1,
Mantappppp.......👍👍👍👍👍,0,0,0,1,
"Kenapa ngga bisa top up ya? Abis klik nominal ngga lanjut ke step berikutnya, balik lagi ke pilihan nominal. Sebelumnya ngga gini padahal.",0,0,1,0,
"Aplikasi terlalu basic,tidak menarik. System masih eror",0,0,1,1,
"Tidak bisa daftar, fomat email tdk valid trs",0,0,1,0,
Bagus banget,0,0,0,1,
Apk jelek .lemot bgt.. udh gtu w ikutin sesuai petunjuk msukin member card..malah ke login n no membernya gada,0,1,1,1,
Mantap,0,0,0,1,
Minuman coffee favorite keluarga indonesia,0,0,0,0,
"AUTO RE LOGIN TERUS, SURUH SET NEW PASSCODE MULU DENGAN KIRIM OTP KE EMAIL SANGAT MEREPOTKAN!!! SEPERTI TIDAK NIAT MEMBUAT APLIKASI, MUNGKIN KURANG PENGALAMAN DI DALAM MEMBUAT FIRE WALL PATCH KEAMANAN DATA PENGGUNA E KARTU STARBUCKS SEHINGGA DIBUAT AUTO RE LOGIN DENGAN CARA BUAT ULANG SET NEW PASSCODE. SANGAT SANGAT MEREPOTKAN!!!",0,1,1,0,
"Really bad UI & UX, even to create a password requires many conditions.",0,0,1,0,
"Ini aplikasi tersulit saat mau join nya, padahal sdh ikutin semua direction",1,0,1,0,
"Baru dwonload ni app, tp blm coba top up Bantu jawab yg loginnya susah dan tidak dapat kode verifikasi coba cek difitur email kalian dikategori promosi atau spam ya. Karna otp login yg saya terima pun masuk dispam",0,0,1,0,
Bintang yg bicara...nyesel download aplikasi ini,0,0,0,1,
"Penasaran dg aplikasi ini krn banyaknya komplain yg katanya susah bgt utk bikin account & login, ternyata ngga seperti yg dikomplain'in. It's so easy, man!!! Please be smart, less complaining!",1,0,0,0,
"Sudah di install. Register via otp oke. Begitu login, minta verification via email. Ini yg masalah. Tolong perbaiki infrastrukturnya. Sudah, saya periksa di semua folder. Tidak ada.",0,0,1,0,
Gak bisa login,0,0,1,0,
Kalau ada fasilitas topup itu yang benar. Selalu gangguan terus kalau mau topup. Buat apa ada fitur itu kalau tidak bisa!,0,0,1,0,
Bagus,0,0,0,1,
Ga bisa masuk,0,0,1,0,
payahhh... tidak bisa registrasi.... sdh berulang.... buang2 waktu saja.... langsung uninstall aja gaes...,0,1,1,1,
Aplikasi yang sangat buruk,0,0,0,1,
Memudahkan,0,1,0,0,
Jelek,0,0,0,1,
"Saya ini udah 2 tahun gak login ke akun & aplikasi starbucks. Saya juga lupa dengan password akun saya, diinget-inget juga saya lupa. Masa fitur forget password gak bisa, GAK JALAN! Server sibuk apalah. Gimana sih. Sayang banget itu akun saya. Mana ada reward welcome back gak bisa saya cek.",0,0,1,0,
Pendukung Zion*s,0,0,0,0,
Damned!!,0,0,0,1,
Login susah,0,0,1,0,
Kecewa lahhh...ribettt...otp...otp...gagal trusssss... Tdk puas nih....ternyata banyak yg complaint hal yg samaaa...tolong di perbaiki sistemnya....sekelas starbucks tp kok susaahhh yaaa...just masukan agar diperbaiki...dipermudah utk pelayanan terbaik...makasih,0,0,1,0,
App jancukon,0,0,0,1,
"Mantap, mohon ditambahkan fitur history pembelian",0,0,1,1,
good!,0,0,0,1,
Like,0,0,0,1,
"Susah banget mau login, padahal udah bener semua email dan passwordnya Gimana solusinya ?",0,0,1,0,
Tidak bs login 😭,0,0,1,0,
"kok login nya susah banget ga masuk2... sms nya ga dateng2... udah di retry terus tetep aja ga ada sms, padahal udah di otomatis",0,0,1,0,
"Taste Starbucks selalu membuat perasaan ku jadi tenang..nyaman..hhmm fell free and happiness deh, deliciouss👌",0,0,0,0,
Otp gabisa uda 13x,0,0,1,0,
"loginnya susah, mau sign in. disuruh masukin kode OTP di email, dimasukkan tetep gak bisa katanya kode salah. harap diperbaiki. jadinya uninstall dl....",0,0,1,0,
Ok,0,0,0,1,
Kenapa ga masuk2 w udah isi ulang pake atm ????,0,0,1,0,
Sangat membantu! Trus tingkatkan pelayanan ya. Thanks :),0,1,0,0,
Kangen.. Ketemu anak yg HILANG..Karena Covid 19..,0,0,0,0,
Pokoke is the beat,0,0,0,1,
Saya jarang keSB karena pandemi tiba tiba saldo saya hilang 🤣🤣🤣,0,0,0,0,
Mw daftar saya tdk bisa,0,0,1,0,
Good,0,0,0,1,
sy binggung cra daftarny,1,0,0,0,
Kenapa saya gak bisa login kembali ya,0,0,1,0,
Kenapa ada selalu ada tulisan your sesion is already expired Dan saya coba masuk ga ada nomor otp nya,0,0,1,0,
Terimakasih reaward Rp 1 nya 🙏😀👍,0,0,0,1,
G bisa daftar. Unlimited loading,0,0,1,0,
"Saya kasih bintang 5 ,meski saya belum tahu membuktikan saldo saya bisa masuk apa tidak..",0,0,0,0,
Admin ini gimana ya Maksudnya bacaan ini apa ya( AT LEAST ONE SPECIAL CHARACTER) ga paham saya bikin akun disitu doang gabisa,1,0,1,0,
"Kenapa saya tidak dapat nomo otpnya padahal udah berkali kali aku coba tapi tidak bisa, nomor udah sama,dan udah pakai Imel tetap tidak bisa,dan nomor otpnya tidak ada udah hapus aplikasinya dan download lagi tetap tidak bisa pas lagi di Starbucks nya aku tanya sama stafnya,stafnya bilang mungkin jaringan... Dan aku tes dirumah tetap tidak bisa. Bagaimana ini klo gitu aku engga usah download ini aplikasi nya.... (Semoga bisa paham)",0,0,1,0,
Ok,0,0,0,1,
Bgs,0,0,0,1,
SANGAT BURUK SEKALI .....!!!!!!,0,0,0,1,
Kenapa kode otp nya pas masuk gagal mulu,0,0,1,0,
Bagus sihb,0,0,0,1,
Ok star,0,0,0,1,
Ga bsa masuk.. Stuck,0,0,1,0,
⭐⭐⭐⭐⭐,0,0,0,1,
Mempermudah dalam bertransaksi serta pengecekan jumlah rewards kita juga dapat mengetahui history transaksi.Pembayaran dengan tap tombol pay akan keluar semacam barcode arahkan ke scanner yang ada di kasir starbucks.,0,1,0,0,
KENAPA KODE OTP TIDAK TERKIRIM KE SMS SAYA,0,0,1,0,
Top,0,0,0,1,
Pembayaran di aplikasi berbayar kenapa tidak bisa masuk ke sini ya,0,0,1,0,
"Aplikasi sangat ribet, membosan kan, masih banyak coffee yang lain yang saya minat, udah mahal rasanya sama saja sama kopi whaik coffee",0,0,0,1,
Cakep,0,0,0,1,
Top,0,0,0,1,
tolong Code starbuck ditambahkan,0,0,1,0,
Ternyata kalau sudah jadi Starbucks Premium nomor hp nggak bisa di ganti. Gimana jadinya kalau nomor yg udah g aktif dipake orang lain? Tolong dipikir lagi agar bisa ganti nomor. Kalau gini kan jadi susah juga Costumer nya.,1,0,1,0,
"Kenapa saat saya masukin nomor hp, dibilang invalid? Padahal nomornya udah benar",0,0,1,0,
Ikutan member kok mlh jd ribet gini.. ga bs diakses kodenya utk msk sign in pdhl udh daftar baru.. gmn ia crnya utk komplen nya???.,0,0,1,0,
Baik,0,0,0,1,
Kenapa selalu loading lama sekali kalah mendaftar tapi ujung2nya tidak terdaftar dan saatbmendaaftar ulang dengan nomer yang sama malah sudah terpakai ? Login dengan email yang di daftarkan tidak bisa bagaimana ini?,0,0,1,0,
Ok Google,0,0,0,1,
Gimana sih cara mendaftar nya... Ko saya gak bisa bisa. Pada hal sdh mengikuti syarat nya. Tp gak bisa lanjut,1,0,1,0,
Simple and gampang,1,0,0,0,
Ok,0,0,0,1,
Dah 2 hari ga bisa download aplikasinya. Tertunda mulu,0,0,1,0,
Tidak bisa login setelah input yang pertama. Selalu dibilang salah username dan password tapi setiap pilih menu reset dan disuruh input password baru begitu langkah berikutnya dibilang password gak bisa direset. Bikin frustasi aja rasanya,0,0,1,0,
"apps nya keren sih.. pertahankan, dan tingkatkan lagi",0,0,0,1,
Saya punya giftcard tapi kenapa pas di klik tidak keluar kode dan pin? Link nya juga tidak bisa di buka. Tolong dibantu,0,0,1,0,
Banyak promo menarik,0,0,1,0,
Mantuul banget,0,0,0,1,
Bagus aplikasinya. Mudah pembayarannya. Informasi terupdate selalu.,1,1,0,1,
good,0,0,0,1,
"Ribed iih harus satu"" gak bisa langsung pas join nya,",0,1,1,0,
Kenapa harus di klik satu-satu dlu sih untuk masukkan pin?,0,1,1,0,
Mangstabb bingitz,0,0,0,1,
Tidak ada kendala apapun. Gausah ribet lg bawa kartu fisik. Hihi suka💕,0,1,0,0,
Bikin password aja menyusahkan,0,1,0,0,
Jooozzzz Mantaaaab,0,0,0,1,
Paling disukai sma org baik anak2 sampek tua2 ....tingkatkan terus...byk2 promo dech....,0,0,1,0,
👍,0,0,0,1,
good,0,0,0,1,
"Ribet banget asli masukin PIN kudu klik kotak dulu baru ketik, harusnya otomatis pindah ke kotak selanjutnya dan bisa langsuk ketik PIN tanpa harus klik kotak. Bayangin aja ke enam kotaknya harus klik baru ketik, buang2 waktu.",0,1,1,0,
Tempat Tongkrongan Mengasikkan 😉🙂,0,0,0,0,
Oke,0,0,0,1,
"Lagi error ya? Ko gabisa top up deh nge load melulu Udah di install ulang ttp gabisa ,hadeuhh..bikin ribet begini tau ga",0,0,1,0,
Good job,0,0,0,1,
Turbo vpn,0,0,0,0,
"Tolong dong di perbaiki lagi app nya, gagal login terus",0,0,1,0,
"Sejauh ini menggunakan apk starbucks tidak ada kendala, semoga kedepan nya terus seperti ini. Saya ada masukan, kalau bisa di apk starbucks untuk menu merchandise nya dilengkapi dan juga disertakan dengan harga nya, menurut saya itu akan lebih menarik. -terima kasih",1,0,0,1,
Bagus,0,0,0,1,
Iiich sediiih bner level gw turun ke green lagiii.. padahal udah cape ke gold level...😭😭,0,0,1,0,
tidak bisa sign up pada aplikasi... internal error,0,0,1,0,
Wew komentarnya pada kasih - semua... Uninstal ahhh 😉,0,0,0,1,
Aku suka makanan dan minuman kopi kesukaan aku kawan,0,0,0,0,
mantab,0,0,0,1,
👍,0,0,0,1,
"Hari ini ikut promo top up pay day 200rb, biasa dapet free minuman, tapi hari ini ga dapet.",0,0,1,0,
Mau tanya ini untuk menggunakan reward voucher Rp 1 utk pembelian kopi syarat n ketentuan nya apa ya...terus hrs top up minimal berapa ....tq,1,0,0,0,
"Saya sudah bikin member card di toko. Knp tidak bisa di tambahin di akun Starbucks nya ya. Infonya no kartu salah, padahal saya baru bikin member cardnya",0,0,1,0,
Menyenangkan dan menenangkan,0,0,0,0,
Menurut Gue starbuck emang Bagus ya pelayanannya. kalo ke gerai mana pun gue selalu dilayani dengan baik. kadang pake kartu kredit dapet Kopi gratis. tiap ulang tahun dikasi Cake dan Kopi gratis. yg ngasi bintang jelek belom ngerti kegunaan dan manfaatnya..,0,0,0,0,
Perfect,0,0,0,1,
aplikasi tidak berguna,0,0,0,1,
orang mau registrasi mau topup lemott banget kya org mau minta ngopi gratisss heran,0,1,1,0,
Good experience,0,0,0,0,
Excellent!,0,0,0,1,
Sukaaaaa,0,0,0,1,
Awesome,0,0,0,1,
Pelayanan nya bagus,0,0,0,0,
Lifestyle trensetter check,0,0,0,1,
Sangat bagus,0,0,0,1,
Coooooooool,0,0,0,1,
Best,0,0,0,1,
great apps,0,0,0,1,
Baik cepat,0,0,0,1,
banyakin promo buy 1 get 1👍,0,0,0,1,
Goood apps,0,0,0,1,
👍🏻👍🏻👍🏻,0,0,0,1,
Mangstab,0,0,0,1,
okayyy,0,0,0,1,
baguss,0,0,0,1,
Masuknya susah bro,0,0,1,0,
good job,0,0,0,1,
Good,0,0,0,1,
Halo min. Kok saya ga bisa masuk dengan alasan. Server terkini sedang tidak tersedia. Tolong di proses ya min thank you.,0,0,1,0,
I like it,0,0,0,1,
Bagus,0,0,0,1,
Saya baru beli card starbucks. Terus saya sudah daftarin lalu mau sign in ga bisa terus pas mau isi otp dari email. Sia-sia dong saya beli. Kecewa !,0,0,1,1,
Mw daftar g bisa masukin tanggal lagir. Setiap klik tanggal lahir aplikasi lsg crash dan menutup sentiri. Sdh 2 hati spt terus.,0,0,1,0,
Sy ga bisa,1,0,1,0,
Terjadi error untuk kartu edisi yang terbaru yang seperti itu,0,0,1,0,
ga bisa login 😂,0,0,1,0,
"Gaess! Aku tidak mengerti aplikasi anda ini.masalahnya aku tidak bisa masuk login diaplikasi anda ini.sudah berulangkali aku coba login masuk tp,akhir nya nihil jg gaess.jd mohon maaf sebelumnya nya,aplikasi anda harus aku hapus dari akun aku gaess🙆trmksh 🤗🤗🤗",1,0,1,0,
"Hi starbucks, gimana cara lihat transaksi terakhir?",1,0,0,0,
ntap,0,0,0,1,
"Aplikasi kurang baik dalam hal penyimpanan saldo, terlalu serakah untuk menggunakan saldo, isi saldo 100rb itu hanya untuk minum kopi aja, seharusnya saldo bisa ditransfer sesama member sbux card dan lebih baik lagi bs ditransfer ke rekening bank kita dan bisa top up lewat bank, jangan top up di outlet aja",0,0,1,0,
"Gak niat kasih reward, harus top up dulu min 100k",0,0,1,0,
"Starbucks promo reward bayar 1 PERAK dari aplikasi. Gak dijelaskan sebelumnya, syarat ketentuan nya. Ternyata harus top up minimal 100 ribu untuk bisa nikmati promo nya. Di Indonesia, kalian harus kasih jelas keterangan dan syarat nya. Bisa kena hujat se Indonesia kalian nanti. Untuk sementara kasih *1 saja. Karena gak beres promosi nya Bye bye Starbucks Indonesia",0,0,1,1,
Ternyata top up dl 100rb baru bisa gunakan voucher 1 rupiah nya.. Hadeh.. Auto uninstal deh,0,0,1,1,
"S&K BERUBAH TIBA TIBA KAMI JAUH"" PERGI,PAS DATANG MALAH HARUS TOPUP FUCEK",0,0,0,0,
EHH SALA GAES,0,0,0,0,
"Buruk sekali mau sig in aja susah amat OTp 10 x gagal mulu, unistall",0,0,1,1,
"Pelayanan sangat jelek sekali di starbucks apartemen kalibata city jakarta , dimana reward Rp 1 harus pakai top up dan tidak bisa tunai, mana pelayanannya ngg ramah!!!!!!",0,0,0,0,
Aplikasi gjls pas daftar malah keluar sendiri,0,0,1,1,
Bagus,0,0,0,1,
Bagus,0,0,0,1,
"dapat promo 1 rupiah tapi disuruh top up dulu, yah sama saja dong",0,0,1,1,
"Kenapa saya tidak bisa memasukkan birthdate ya? Mohon bantuannya!!! (sip pelayanan responnya, udh naik 5) terimakasih",0,0,1,1,
Gabisa registrasi parah banget,0,0,1,0,
Bagaimana cara registrasi digital cardnya??? Saya tidak tau nomor card saya Makasih,1,0,0,0,
Hapsari drama Putri 27,0,0,0,0,
"Gak bisa2 nih dr td sign in , payahh",0,0,1,1,
1 aja ya,0,0,0,1,
Good,0,0,0,1,
Maaf ini passwordnya susah banget mau confirm,0,0,1,0,
"Restoran terburuk yg pernah gw liat melakukan diskriminasi terhadap driver gojek tak boleh menunggu pesanan di dalam resto, apakah kami para driver ini bkn manusia kami ini beli bukan minta anda ga tau prinsip dagang pembeli adalah raja anda mau untung dari kami para driver tp ga boleh nunggu di dalam restoran dan suruh km di luar ja hrsnya anda malu...",0,0,0,0,
"Dari pertama saya download, saya gk bisa sign up, waktu di bagian mengisi tanggal lahir selalu langsung keluar apk. Sudah berkali-kali saya coba tetap gk bisa. :(",0,0,1,0,
Ruwet slalu lockout trus pass lupa..tolong usahakan gak pake angka2 ato apa biar gak bingung slalu spt ini,1,0,1,1,
Dipermudah,1,0,0,0,
Oke sih.. Cm agak ribet pas bkin pasword ny aja..,1,0,0,1,
"Sampah, ga boleh salah masuk app",0,0,0,1,
Ini ko ga bisa sign in ya,0,0,1,0,
Lalot,0,0,0,1,
Ok,0,0,0,1,
"Sekarang udah ga asik sama aplikasi ini, topup ga bisa pakai voucher map, pakai cc jg ga bisa, cuma bisa debit, klo online dikit doang virtual akun nya. Kartu mati klo ga digunakan 6bln walau msh ad saldo, reward berlaku 6bln tok, Payahhh payahhh..makin pelittttttt. Mungkin keuntungan mereka makin dikit kali ya setelah kehadiran byk tempat ngopi yang lebih bagus.",0,0,1,1,
"Untuk Starbucks Big Mall, tolong semua pekerja nya Profesional dalam bekerja. Apalagi terhadap Diver Online / Ojol, jangan terlalu Diskriminasi. Karena sebelum Orderan Driver Ojol ambil di Resto Kalian, uang dalam Saldo Driver sudah dipotong belanjaan di Aplikasi Starbucks. Kami para Driver bekerja lebih Profesional daripada Kalian. Cam kan itu atau lebih baik Tutup aja Aplikasi kalian di GRAB.",0,0,0,0,
susah didownload,0,0,1,1,
Perlunya fitur penarikan saldo ke bank juga. atau transfer antar card. thanks,0,0,1,0,
Kenapa saya tidak bisa daftar padahal saya baru saja dapat member card nyaaa,0,0,1,0,
aplikasi bagus,0,0,0,1,
Susah login aplikasi jeleeeeek,0,0,1,1,
maju terus,0,0,0,1,
"Kak apakah kartu lama (sudah kadaluarsa) saldo bisa di pindahkan ke kartu starbucks yang baru yg sudah aku daftarkn? Klw bisa, Gimana caranya ya",1,0,0,0,
Kenapa kok susah masukin password nya padahal udah bener kasih jawaban ya,0,0,1,0,
"Ko invalid phone number terus.. tiap minta OTP.. benerin lah masa punya nama besar, aplikasiny bobrok",0,0,1,0,
"Akun saya terlogout. Saya lupa pass, terus reset. Tiap ganti pass baru selalu tulisannya ""reset pass failure. Please try again"" padahal penulisan pass baru sudah sesuai. Jadi gimana sy mau cek kartu sayaaaa????",0,0,1,0,
Saya kasih 3 dulu semoga kedepannya sistem dan pengoperasiannya berjalan dengan normal,0,0,0,1,
"reset password gagal terus, gak bs reset",0,0,1,0,
cool!,0,0,0,1,
"Registrasi sih gampang, cuma pas login susah bgt. Tolong dong sistemnya di perbaiki. Kan udah punya nama yg gede nih, masa ngurus aplikasi aja ga becus. Terimakasih",1,0,1,0,
👌👍,0,0,0,1,
T O P,0,0,0,1,
Sulit mendaftar. Password susah. Otp tidak terkirim. Aplikasi eror ketika memasukkan tanggal lahir. Payah,1,0,1,1,
Very good,0,0,0,1,
Log in mau masukin code isi otomatis tp tetap tidak bisa..mohon bantuannya,0,0,1,0,
User friendly,1,0,0,1,
"App starbucks membuat kita lebih efektif&efisien. Tetapi, kenapa kalau ada versi baru harus selalu didownload kalau tidak app starbucks jd tdk bisa terbuka.",0,1,1,0,
Saya kesulitan Ngaktifkan kembali aplikasi ini Tdk Sinkrons invalid terus Kapan bisa Validnya Padahal Emailku sudah Benar,0,0,1,0,
Aku baru mau daftar tapi nomor telfonku disitu invalid. Kenapa begitu?,0,0,1,0,
Poin saya hangus begitu saja gk ada tenor perpanjangan,0,0,1,0,
tidak bisa input otp kode pas udah selesai registrasi gimana ya,0,0,1,0,
"Sudah daftar, mau login.. Otp sdh Terima d email.. Tapi g bisa d masukkan k app.. Agak sebel",0,0,1,1,
"Starbucks indonesia mohon perbaiki sistemnya , saya tidak bisa login dengan email yg sama padahal Saldo saya masih banyak di akun tersebut sekitar 200k. Mohon konfirmasi nya terimakasih.",0,0,1,0,
"Starbucks Indonesia "" Best """,0,0,0,1,
Great,0,0,0,1,
Udh sign up mau sign in malah katanya email dan pass salah pdhl udh bener..hadeuhh sekelas starbuck bsa bgini,0,0,1,1,
Good,0,0,0,1,
Baik,0,0,0,1,
Bagus,0,0,0,1,
keren,0,0,0,1,
Nn,0,0,0,0,
"Setelah update, malah saldo saya hilang semua di account starbuck, gimana ini krn posisi sy di luar kota dan tdk ada starbuck di wilayah saya, jd sy tdk pernah pake kecuali pas di jakarta/jawa, pas covid begini, malah saldo hilang 200rbuan. Gimana tanggung jawabnya? Kapok lah isi2 saldo lagi next time, sy ga pake lagi, kayak ga ada kopi lain yg enak saja, semena2",0,0,1,1,
Sangat baik Pelayanan nya di starbuck bni,0,0,0,0,
good,0,0,0,1,
tidak bisa membuat password,0,0,1,0,
"seharusnya ADA promo dan di notif kepada member, jangan cuma dari LINE saja",0,0,1,0,
Rizky Kurniawan,0,0,0,0,
"nyammi, bersih, terjamin , enak puooll",0,0,0,0,
Kok ga bisa masuk?,0,0,1,0,
"Sangat mengecewakan , sering kali keluar dengan sendirinya ketika dibuka setengah mati untuk masuk kembali .",0,0,1,1,
Ga bisa sign in padahal password sama email bener. Ada peringatan salah password atau email. Udah 2 hari sign in ga bisa,0,0,1,0,
Aplikasi yang mempermudah member mengetahui banyak reward yang telah diberikan. Tempat ngopi terfavorit.,0,1,0,0,
Mantul,0,0,0,1,
Aku baru mau aktifin baru kok ga masuk masuk ya ke email untuk kode nya ???,0,0,1,0,
Lama londingnya,0,0,1,0,
tolong min di starbucks dan mogot karirnya ada yg judes saya kurang nyaman untuk memesan minuman/makanan,0,0,0,0,
Susah banget loginnnya binggungin juga,1,0,1,0,
Still don't get it how use this app,1,0,0,0,
Ribet loginnya..passwordnya lamaa,1,0,1,0,
Gak bisa bikin password... Dan ga mau ke submit pdhl password nya udah kombinasi huruf besar huruf kecil sama angka tp tetep ga isa.. Tolong dong diperbaiki aplikasinya.. Thanks.,0,0,1,0,
mau sign up gabisa bisa karna pas mau masukin tgl lahir malah keluar dr app terus2an,0,0,1,0,
Kode tidak kunjung d kirim lewat Email Payah!!!,0,0,1,1,
Gumana sii cra bikin kata sandinyah susah bngt ?,1,0,1,0,
"Kurang canggih. Utk install apps ini, play store nya harus di negara bersangkutan. Jika punya kartu dari negara lain, tidak bisa install apps karena harus ganti login ke negara tersebut. Lebih baik lagi jik 1 apps bisa handle semua negara. Atau spt fast food yg dpn nya M, apps antara ID dan SG beda, tapi utk install apps SG, saya tdk perlu login di google play SG.",0,0,1,1,
Susah banget bikin password doang. Uninstal ajade!!!,0,0,1,0,
Sering eror.. Aneh.. Jd g bsa byr dgn uang yg di aplikasi.....,0,0,1,0,
Id saya terblokir bagaimana ini,0,0,1,0,
App tidak bisa di buka pada tgl 5 maret 2020,0,0,1,0,
Tidak dapat di gunakan di android,0,0,1,0,
kok saya tidak bisa masuk ya? saya sudah masukan dengan benar,0,0,1,0,
dengan ini saya mendapat bintang Starbucks Coffee. THE BESTT!!!,0,0,0,1,
Terkendala pasword padahal d app lain ok aj,0,0,1,0,
Ok,0,0,0,1,
"Bugs when Sign Up on Birth Date information, kindly fixing soon",0,0,1,0,
Gawe kaga tiba tiba sibuk servernya.,0,0,1,0,
Ga bisa login nih.. Aplikasi paan nih?,0,0,1,0,
Pelayanan nya ok .,0,0,0,1,
Good,0,0,0,1,
"Gagal terus pas mau sign up, pas di date of birth selalu keluar mulu",0,0,1,0,
"App yg sangat membantu untukq pembelian dan promo"" SB .. Good apps",0,1,0,1,
Kalo mau beli tumblernya bisa di app ini ga?,1,0,0,0,
Saya suka sama aplikasinya 👍,0,0,0,1,
Simple but helpful,0,1,0,1,
"Sangat payah buat pasword , ribet dan gak bekerjasama , toh pasword suka kita yg buat, ini harus tu harus tambah ini seperti ini itu, dan akhirnya karna tidak berhasil saya uinstall",0,0,1,0,
Tolong di perbaiki bug yg terjadi ketika ingin sign up. Selalu force close atau crash ketika ingin mengisi kolom date of birth,0,0,1,0,
Ok,0,0,0,1,
Register via web alwys crash.. Force close apps,0,0,1,0,
Saya gak bisa sign up:(katanya password-nya eror trus:(,0,0,1,0,
Mau ganti paswword karean lupa ehh pas kirim email koq gk ada belsan dari sturbucks ny y,0,0,1,0,
Ok,0,0,0,1,
❤️,0,0,0,1,
Mengapa sekarang tidak bisa topup pake kartu kredit Visa/mastercard...????,0,0,1,0,
good,0,0,0,1,
Bagus,0,0,0,1,
"Kemarin2 bisa masuk. Sekarang kenapa di password nya ga bener terus ya. Sudah ke email ganti juga. Kayaknya sistem password nya ngaco. Baru kali ini begini, sudah beberapa hari",0,0,1,0,
Kok di hp gw sony xperia M4 aqua ga bs ya? Padahal sebelumnya bisa.. Huft,0,0,1,1,
Good,0,0,0,1,
asyiik n Nikmat,0,0,0,0,
"Setelah di update tampilan gk enak banget, keyword nya naik2 nutupin beranda. Dan tiap mo buka aplikasi selalu diminta passcode. Ribet. Msh enak system yg kemarin.",0,0,1,0,
Nongkrong asik,0,0,0,0,
Ok,0,0,0,1,
ok,0,0,0,1,
"Mau signin dan diminta code verifikasi via email, tp tidak dikirim2 codenya. Sudah dicoba minta kirim ulang beberapa kali, hasilnya nihil..",0,0,1,0,
"Npa minta lg download versi terbaru,, tp kok ngga bs trus ya??udah isi email dan password",0,0,1,0,
senang dan cepat dlm mengumpulkan poin.jadi smangat utk mendapt at reward..Thx jg uda diberi b day cake.,0,1,0,1,
Buat apa ada aplikasi dan Starbucks card kalau sering offiline udah isi saldo jarang bisa dipakai :) Jadi harus debit atau cash :)),0,0,1,1,
Ok,0,0,0,1,
Aplikasi keluar sendiri dan di coba masuk berulang kali g bisa.. padahal baru isi saldo lumayan.. gimana nich.. masa uang saya g bisa di pake dan hangus .,0,0,1,0,
"Dr pertama registrasi susah banget buat loginnya berusaha trus smpai bisa, ketika sudah bs malah logout dgn sendirinya trs masuk ataun sign up malah ga bisa2 trs.. Kesell bgt mnta buat password bru ttp aja susah.. Bikin emosi👎👎👎",0,0,1,1,
"Saya sangat suka dengan aplikasi yg di berikan, namun kenapa ya setelah di update malah tidak bisa terbuka kembali? Selalu ada pembeeitahuan maintenance padahal sudah di update. Mohon infonya. Terima kasih.",0,0,1,0,
I can log in now after the new apps operated fully. Thank you..,0,0,1,0,
Tambahin byk promo,0,0,1,0,
Tiada hari tanpa starbucks..kopinya hmmm,0,0,0,0,
Good service,0,0,0,1,
"Abis di minta untuk upgrade, setelah udah aku upgrade harus login ulang, tapi email untuk no OTP nggak masuk ke email. Saya harus bagaimana?",0,0,1,0,
Susah untuk log in padahal sudah sign up Password nya juga susah buatnya,0,0,1,0,
Very good,0,0,0,1,
Nice,0,0,0,1,
Good,0,0,0,1,
Nyaman buat nongkrong maniz sama keluarga,0,0,0,0,
Aneh gak bisa kirim kode otp di sms. Padahal no nya sesuai.hhhh buat apa instal ginian. Bagusan aplikasi toko sebelah F*re coffe,0,0,1,0,
"Mau daftar tp ""failed to send OTP via SMS"", knp ya?",0,0,1,0,
Bagaimana menambah poin jika saya pesan lewat aplikasi ojek online? Mohon dijawab,1,0,0,0,
Mantap,0,0,0,1,
Hii Sturbuck.. Sy sudah berhasil SignUp. Tetapi saat mau Signin knp email dn passwd selalu gagal dengan reason email dan pass tidak match. Please di bantu,0,0,1,0,
mau login di hp pas uda masukan email dan password nya kan ada di send otp di email pas kita buka email buat liat otp nya dan balik ke aplikasi sbux malah keluar lagi.. gimana mau login balik klo gitu terus 😭,0,0,1,0,
Mempermudah cek reward. Thx,0,1,0,0,
Ada bug di register form bagian date birth. Force close,0,0,1,0,
Menu2 nya gampang di mengerti. Tidak bertele2.,1,0,0,0,
Mantap 👍,0,0,0,1,
Great 👍👍👍👍👍,0,0,0,1,
Saya senang pelayanan di starbucks Bg.Juntion Surabaya..very good 😎,0,0,0,0,
Ok.. banyakin promo2 nya,0,0,1,0,
Nice,0,0,0,1,
Very good,0,0,0,1,
Good program.....,0,0,0,1,
Kalo bisa jgn ada biaya admin,0,0,0,0,
Ok good,0,0,0,1,
Jelek banget apk nya,0,0,0,1,
"Sudah ganti password dan ""match"" tapi tetap tdk bisa sign in karena email dan password tdk sesuai (failure) :(. Padahal alamat email udah oke dan password sdh memenuhi syarat!",0,0,1,0,
Jadi lebih mudah untuk bertransaksi,0,1,0,0,
Good,0,0,0,1,
Nyaman dengan sajian caffee nya,0,0,0,0,
Very usefull,0,1,0,1,
lebih hemat pakai starback aplikasi,0,1,0,1,
Ok,0,0,0,1,
Good,0,0,0,1,
Cukup membantu,0,0,0,1,
Bagus....,0,0,0,1,
bagus si aplikasi.starbuck cuman dh brp.hr ini ko aplikasi mengalami gangguan tolong d perbaiki donk mo beli pke aplikasi by reward jd gk bsa nih,0,0,1,1,
"pengguna baru belum optimal dalam penggunaan, tetapi dari hasil penggunaan saat awal dan melihat aplikasinya lumayan bagus mudah, juga ada beberapa promonya yang cukup menarik mudah-mudahan akan terus dilakukan peningkatan khususnya kualitas layanan, promosi juga inovasi baru untuk aplikasinya juga promo-promonya yang lebih menarik",1,0,1,0,
Tidaak bisa di buka Akun susah masuk,0,0,1,0,
Goood...,0,0,0,1,
Kenapa udh di update ngga bisa di buka aplikasi sya,0,0,1,0,
Sangat membantu,0,1,0,1,
"Baru pakai card & baru pertama kali tukar star, ee system sdh down...top up jg tidak bisa. Gimana ini starbuck padahal hari ini batas terakhr sy bisa rendeem? Bisa hangus dunk star sy",0,0,1,0,
Good,0,0,0,1,
Good job,0,0,0,1,
Oke bgt,0,0,0,1,
Good,0,0,0,1,
Tidak ada standar rasa manis di tiap2 gerainya. Beli java chip di gerai ini dan gerai itu beda manisnya. Ada yang manis bgt. Ada yang kurang manis.,0,0,0,0,
"Poin nya di tambah dong,buat para driver onlene kalo blanja di starbucks",0,0,1,0,
Disuruh update aplikasi..giliran di update malah down app nya.. Aku kasih bintang 5 kalo sistem nya sudah diperbaiki,0,0,1,0,
saya tambahin jd bintang 5 kalau bisa topup lewat aplikasi ini lgsg pakai kartu debit/kredit.....,0,0,1,0,
Semangat utk semuanya REKAN2 SUKSES.,0,0,0,1,
Applikasi ini susah dalam regristrasi dan untuk kartu saya yg tidak memiliki barcode pada kartunya praktis applikasi ini hanya bisa di gunakan untuk topup,0,0,1,0,
Pelayanan nya mantap n murah senyum,0,0,0,0,
👍👍👍,0,0,0,1,
Ok,0,0,0,1,
Nice,0,0,0,1,
Baik sekalu,0,0,0,1,
Ok lah,0,0,0,1,
Love Banget,0,0,0,1,
"Payah ,gangguan terus setiap mau payment , saldo di card jadi mandat ga kepake ,di uangkan ga bisa",0,0,1,0,
Good lah!!,0,0,0,1,
"Gak jelas, diupdate malah gak bisa dibuka aplikasinya 👎",0,0,1,0,
good,0,0,0,1,
Kopinya rasanya mantap dan enak.,0,0,0,0,
Gk bisa log in... padahal baru top up,0,0,1,0,
Aplikasi memeber yg sangat comersil!,0,1,0,1,
Bagus,0,0,0,1,
kemudahan bertransaksi semua Starbucks Indonesia dalam satu aplikasi tanpa harus bawa kartu,0,1,0,0,
Like,0,0,0,1,
"Sy penikmat signature coklat, jadi cuma itu yg sy pesan tiap ke Starbucks. Sdikit komplen, blom ada standar rasa khusus signature coklat, baik itu hot maupun cold. Di gerai yg satu rasanya trlalu manis, pernah jg agak tawar. Harapan sy ke depannya ada semacam standar rasa yg kalo abis minum di gerai manapun bawaannya puas. Gitu deh 😉",0,0,0,0,
"Jelas, mudah, secure",1,0,1,0,
Sangat informatif dan membantu saya,0,1,0,1,
Ok memuaskan,0,0,0,1,
"Ini aplikasi ribet dari awal register, padahal applikasi lain yang lebih kompleks aja gak harus pakai special character buat password-nya dan itu yg nantinya membuat saat login lupa password paling sering ya karena special character dan uppercase/hurufbesar. Saya sdh coba berkali kali register alias sign up. Masa perintahnya card number or pin wrong. Padahal saya sangat yakin baca dan input 16 digit card number serta 8 digit security code (aplikasinya udh mengunci digit card num and sec code).",1,0,1,0,
"Kok saya tidak bisa sign up ya , pas pencet date of birth keluar sendiri??!!!",0,0,1,0,
Good,0,0,0,1,
Udah dpt kartu nya tapi susah banget masuk pasword @mail nya salah mulu padahal udah sesuai tapi tetep ga bisa,0,0,1,0,
Ok,0,0,0,1,
Mau daftar aja suruh bikin password nya susah minta ampun.. Busetttttt,0,0,1,0,
Bodoh apk.,0,0,0,1,
Love it,0,0,0,1,
"Kok saya enggak bisa sign in ya? Kode verifikasi nya belum dikirim terus, sudah 5 kali mencoba. Padahal email nya sudah di refresh bbrp kali tp kode verifikasi blm dikirim. Tlg tindak lnjt nya y.",0,0,1,0,
"topup saldo via aplikasi dipermudah dengan OVO,DANA atau GoPaY ,,inovasi lah masi jalan ditempat terus",0,0,1,0,
Kenapa saya download apliksi gak bs kebuka ya? Dan sy login by web juga gak bs2 apakah akun sy sdh exp?,0,0,1,0,
Mau sing up starbucks card di bagian tanggal lahir kok keluar sendiri ? Mohon bantuannya.,0,0,1,0,
ini si mempermudah nih udah gitu kalau rewards nya udh terkumpul dpt gartisannya hehee,0,1,0,0,
Okay bgt,0,0,0,1,
ga jls bikin password nya ga bisa eror terus ga jls bikin kesel...!!!!,0,0,1,1,
Cukup puass,0,0,0,1,
"Registrasi card nya kebanyakan eror, terus sudah jadi registrasi di web nya, terus mau login katanya email salah. Bikin pusing aja",0,0,1,0,
Waooooh..,0,0,0,1,
incredible,0,0,0,1,
Aplilasinya terhenti pd saat isi tgl lahir,0,0,1,0,
Susah daftarnya percuma beli kartu starbucks tp gak bisa lihat reward d aplikasi,1,0,1,0,
Oke,0,0,0,0,
Ribet bgt sama Bikin password 😔 dari sabar sampai emosi😌😣😏😒😤,1,0,1,1,
Aq dpt starbuck card tpi ga bsa di daftarin... huhuhu...setiap masukin birth of date a Automatically keluar system... Apakah berpengaruh dr OS atau jenis HP..? Tolong di bantu yaa...,0,0,1,0,
Mantap,0,0,0,1,
Best application,0,0,0,1,
Pelayanan vang prima,0,0,0,0,
"Beli & byar pake member card, tp reward poin gak ada yg masuk aneh. Apakah karna aplikasi log out (otomatis) trs?",0,0,1,0,
Sangat enak kopi nya,0,0,0,0,
Napa kok error ya,0,0,1,0,
Gd,0,0,0,0,
Okok,0,0,0,1,
Very good,0,0,0,1,
"Saya suka asian dolce latte, rasanya sesuai dengan selera anak muda, walaupun saya sudah berumur",0,0,0,0,
Wow,0,0,0,1,
Oke,0,0,0,1,
Ok,0,0,0,1,
Ok,0,0,0,1,
MANTAP,0,0,0,1,
"""Sayangnya server saat ini tidak tersedia atau sibuk, silakan coba lagi."" Tidak berguna. 👎",0,0,1,1,
Goid,0,0,0,1,
Ngga web ngga aplikasi susah banget buat log in hrs cek otp di email. Ribet.!,1,0,1,0,
ga bisa sign up,0,0,1,0,
good,0,0,0,1,
Ok,0,0,0,1,
ok,0,0,0,1,
Enak buat nongkrong,0,0,0,0,
Oke Puas Keren,0,0,0,1,
Tmpt paling Ok untuk meeting,0,0,0,0,
Why I can't sign in and sign up...damn !!!,0,0,1,1,
Dulu seneng banget bisa liat reward sekarang susah. Os yang dibawah 6.0 gabisa pake aplikasi sbux. Mungkin tim IT starbucks mesti di perbaiki. Harusnya mau os berapa aja bisa. Mengecewakan!!!,0,0,1,1,
Baik,0,0,0,1,
Oke,0,0,0,1,
Sturbucks is good,0,0,0,1,
Ga bs sign in ...trllu ribet sm passwordnya'ngebingungin..aneh,0,0,1,0,
Ok,0,0,0,1,
Seneeeng,0,0,0,1,
"Ok,saya senang kopi sturbuck",0,0,0,1,
Tidak bisa sign up ketika mau fill in date of birth,0,0,1,0,
Kenapa sekarang apk nya gak bisa di buka?,0,0,1,0,
Ok,0,0,0,1,
ga bisa sign up kombinasi password susah,0,0,1,0,
Good,0,0,0,1,
Bagus,0,0,0,1,
🖤🖤🖤🖤,0,0,0,1,
Good,0,0,0,1,
ok,0,0,0,1,
Starbuck good place to meet,0,0,0,0,
Starbucks tempat santai yg nyaman sambil minun makan,0,0,0,0,
good service and taste,0,0,0,0,
Mantap,0,0,0,1,
Great coffee,0,0,0,0,
Bagus,0,0,0,1,
Nice,0,0,0,1,
"aneh gabisa sign in padahal biasanya bisa, reward juga mendadak hilang, saldo juga menjadi 0 padahal seharusnya ada 100k lebih",0,0,1,0,
Nice coffee and its services,0,0,0,0,
Ok,0,0,0,1,
Minumanny enak...dan seru,0,0,0,0,
nice apps..!,0,0,0,1,
Mantab,0,0,0,1,
Mantap.,0,0,0,1,
Aneh saya enggak bisa kebuka aplikasinya si.udah berulang kali di hapus lalu di download tetep saya enggak bisa masuk ke aplikasinya,0,0,1,0,
"Maaf, kegunaan card nya itu apa ya ? Gak jelas banget... Udah di daftarkan, smpai apps nya sy download, bleh di cek saldo sy brp sy isi dan bs tiap hr sy minum coffe di starbucks, tapi point 1 pun gd muncul di apps sy... Maaf kbetulan kasir di 1 starbucks gk tau klu sy sdah download.. kliatan bnget itu kasir ngira sy bego. Jelasin dong apa kegunaan card nya... Spya dpt points ? Gd muncul points nya smpek detik ini 🤷",1,0,1,0,
Dari kemarin mau update kenapa ga bisa yah ? Padahal udah pake wifi atau jaringan seluler tapi loading terus menerus Saya jadi tidak bisa lihat bintang di kartu saya sudah berapa 😭,0,0,1,0,
Good,0,0,0,1,
Suka menggunakannya krn lebih mudah dan praktis,0,1,0,1,
Berikan bonus dong,0,0,1,0,
"Luar biasa, sangat membantu dan inovatif",0,1,0,1,
Mantap,0,0,0,1,
"Udah update, tapi ga bisa dibuka server selalu sibuk. Menyebalkan!!",0,0,1,1,
Siip,0,0,0,1,
Mantabz,0,0,0,1,
Ok,0,0,0,1,
Mantul,0,0,0,1,
ok,0,0,0,1,
Mantavv selalu ada promo everyday kereen go starbuck,0,0,1,1,
Ok,0,0,0,1,
Saya suka starbuck,0,0,0,1,
Good,0,0,0,1,
Mantapp,0,0,0,1,
Okey bgt,0,0,0,1,
MANTAB BON,0,0,0,1,
Good place,0,0,0,0,
"Susah login, setiap login wajib masukin user password jadi ribet kalo lupa...kombinasi password susah...kalo bisa dibuat sekali login and save password... Top up susah melalui m bangking Tetap semangat...",1,0,1,0,
Masokk,0,0,0,1,
Mantap jiwa,0,0,0,1,
"Cepat, bermanfaat",0,1,0,0,
Mantap,0,0,0,1,
Service good,0,0,0,1,
Bagus gak perlu repot bawa kartu..,0,1,0,1,
Okeeeee,0,0,0,1,
Membantu saat transaksi,0,1,0,0,
good,0,0,0,1,
Mantap,0,0,0,1,
Nice,0,0,0,1,
Baik,0,0,0,1,
Keren!!!,0,0,0,1,
👍👍👍,0,0,0,1,
Startbucks Mantul selalu kasih promo buy 1 get 1😘😘,0,0,1,1,
"Aplikasinya sangat membantu, gak harus bawa starbucks card kemana-mana, cukup scan barcode di appnya aja. Terus kita juga tau berapa starbucks reward kita 👍👍",0,1,0,1,
Good 👍,0,0,0,1,
good,0,0,0,1,
Good coffee,0,0,0,0,
Bagus dan mudah,1,0,0,1,
Terima kasih Starbuck,0,0,0,1,
Sudah bisa,1,0,0,0,
Good,0,0,0,1,
Nice,0,0,0,1,
Ok,0,0,0,1,
Luar biasa ....starbuck,0,0,0,1,
Best apps,0,0,0,1,
Is oke,0,0,0,1,
Banyak promo dan bonusnya,0,0,1,0,
Kerennnnnn,0,0,0,1,
👍🏿👍🏾👍🏼👌,0,0,0,1,
Mantap,0,0,0,1,
Sangat bagus. Pengunaan mudah.,1,0,0,1,
"Aplikasi ini sangat membantu customer Starbuck mendapat informasi mengenai produk, promo dan status membership.",0,1,0,0,
Nice,0,0,0,1,
Ok,0,0,0,1,
"Great Application! Go Ahead always,,",0,0,0,1,
cakeeeeeppppp,0,0,0,1,
Good,0,0,0,1,
Excellent aplikasi..,0,0,0,1,
credit card for register? i dont have credit card,0,0,0,0,
Bisa ga dimurahin dikit :V,0,0,0,0,
"Mau ngisi tanggal lahir..langsung app berhenti , uda diulangi 3x",0,0,1,0,
Ribet amat sih loginnya.,1,0,0,0,
Good and fast,0,0,0,1,
Top,0,0,0,1,
"Pada saat proses Sing up, input passwordnya di persulit. Sangat tidak membantu. Sudah beberapa kali coba tapi tetap gagal.",1,0,1,1,
Good Respon,0,0,0,1,
Puas,0,0,0,1,
Susah tau daftarnya pasukin paspon ya ribet tau,1,0,0,0,
Keseringan Promo Pertanda Harga Mulai Mahal,0,0,0,0,
Sering dapat reward...kereen,0,0,1,1,
sbuck is the best.,0,0,0,1,
alangkah,0,0,0,0,
recommended? exactly!,0,0,0,1,
minuman yg paling aq sukaa... hampir semuanya 👍👍👍👌,0,0,0,0,
"mei kmrn eror gk bs login,br jg brp bulan lancar skrg eror lg tiba2 singout sndiri gt..mw login email pass bnr gk mau..",0,0,1,0,
"sangat mudah dan cepat proses daftarnya, yang lemot dan gak bisa daftar berarti hp kelen kurang adanya jaringan internet😁",1,0,1,0,
kenapa keluar mulu sih pas ngisi data tanggal lahir??,0,0,1,0,
tidak bisa login. kode otp tidak pernah terkirim ke email.,0,0,1,0,
gimana cara masuknyaaaa heyy ku udah ganti kata sandi 3 kali biar bisa masuk tapi gabisaaa plis deh kaga usahh ribettt napa pusing aing tehh,1,0,1,0,
💪,0,0,0,1,
bikin paswordnya ribet bgt susah kalau lupa,1,0,1,0,
membernya suruh top up dulu... 😁,0,0,1,0,
susahhhhhh,1,0,0,1,
kenapa setiap mau masuk selalu force close...ampe lelah sy masukin nya....tolong di perbaiki...,0,0,1,0,
cool,0,0,0,1,
good,0,0,0,1,
Starbucks card sering error' Aplikasi Taek ketika rewards melimpah mesti error GxxxxL,0,0,1,0,
"kok gabisa sih,padahal number card dah bener dibilang salah",0,0,1,0,
sumpah nih aplikasi super ribet...mau daftar aja banyak permintaannya..Wajib ADA KARTU KREDIT disimpan di databasenya..mungkin mau dibuat carding ya datanya?! PADAHAL BISA PAKE OPSI PEMBAYARAN LAIN!!! TERLALU KAKU PERATURAN YG DIBUAT STARBUCKS KARENA GAK FLEKSIBEL PEMBAYARANNYA !!!,1,0,1,1,
keren,0,0,0,1,
kenapa saldo kartu sy ter top up sendiri? sy top up sekali tp setiap sy buka aplikasinya saldo sll bertambah tanpa sy top up,0,0,1,0,
good,0,0,0,1,
duh susah ya masukin nya padahal sudah masukin email nya tapi ko enga mau masuk ya mohon bantuan nya dong,1,0,1,0,
no. kartu yang diminta itu no. kartu apaan?,1,0,0,0,
knp susah bgt buat sign up?,0,0,1,0,
good,0,0,0,1,
kok gabisa kebuka ya apk nya,0,0,1,0,
good,0,0,0,1,
ribet,1,0,0,1,
mantabb,0,0,0,1,
bagus bangettt...keren,0,0,0,1,
suka banget! semoga makin banyak reward dan promosi,0,0,0,1,
im happy,0,0,0,1,
good,0,0,0,1,
cok,0,0,0,1,
ok,0,0,0,1,
sudah sering terlout sendiri tolong diperbaiki,0,0,1,0,
sangat berguna,0,1,0,1,
baik,0,0,0,1,
saya sdh pasang APLNY..tp g bisa k buka..mau daftar..kcw klo kaya gini..mau daftar keluar sndiri.,0,0,1,0,
"knp gak bsa sign up.. setiap mau input date birtday, langsung keluar.. gmn nch,,,?",0,0,1,0,
knapa susah bnget sih baru mw daftar doank password hrus begini bgtu...ribet,1,0,1,0,
Reward nya suka ga masuk,0,0,1,0,
kok ga bisa masuk sich?? padahal email dan passwordnya sdh benar. ada yg tahu ga kenapa seperti itu??,0,0,1,0,
udah daftar dan sudah bisa di gunakan kartunya kenapa pas masuk aplikasi gak bisa. mohon dijelaskan,0,0,1,0,
"gak bisa sign up, mau isi tgl lahir malah keluar2 mulu, app terhenti bla bla. mohon solusinya",0,0,1,0,
dr td di permasalahkam sola sandi,0,0,1,0,
"kenapa gak bisa masuk,pas mau isi data langsung keluar.",0,0,1,0,
"saya sudah sign in, email sama password udah bener ko masih kaga bisa si? tolong dong dibantu",0,0,1,0,
lebih cepat lebih baik,0,1,0,0,
"sudah bagus.. saran aja di bagian menu, merchandise-nya di update dong sama kasih info harganya juga..",0,0,0,1,
aku sk banget,0,0,0,1,
kenapa ngga bisa login ya?,0,0,1,0,
ok bgt,0,0,0,1,
good...,0,0,0,1,
hp ga di root di bilang root. perbaiki detector nya . Sy pke mbanking jg lanjay .,0,0,1,0,
ok,0,0,0,1,
lebih gampang,0,1,0,1,
siplah,0,0,0,1,
"Bagaimana nich sign in ga bisa invalid terus, padahal email sama pass sudah bener banget, sayang dah reward n point gw, hadeh tolong dunk dibenerin lagi nich apk, geje",0,1,0,1,
"saya tidak bisa sign in. padahal email password sudah benar, dan sudah diganti.. masih tidak bisa masuk.. mohon bantuan nya🙏",0,0,1,0,
susah amat masukny padahal aku sudah buat no id tp katany tidak benar. mohon pencerahannya.,1,0,1,0,
saya suka,0,0,0,1,
bagus bermanfaat,0,1,0,1,
tolong donk bisa topup card pakai mbanking dgn minimal nominal nya di bawah 100k,0,0,1,0,
minta tolong nih kenapa disuruh masukin kode otp nya ?,1,0,0,0,
baru instal tp gk bisa msk,0,0,1,0,
Error sign up melulu,0,0,1,0,
cool,0,0,0,1,
mau tulis tanggal lahir malah keluar trus capek deh,0,0,1,1,
good job,0,0,0,1,
sign up ga bs dgn alsn pasword email???,0,0,1,0,
"aplikasi gaje, masuk via browser bisa tp via aplikasi malah invalid",0,0,1,1,
"oke banget ni,",0,0,0,1,
oke,0,0,0,1,
keren,0,0,0,1,
input tgl lhir ja g bs ..kluar aplikasi,0,0,1,0,
ini security codenya gimana kak?,1,0,0,0,
Oke banget!,0,0,0,1,
uda download mala nga bisa reg berulang2 gagal terus gimana nih,0,0,1,0,
good aplication,0,0,0,1,
👍👍👍👍,0,0,0,1,
"kasih 3 * dulu, top up pakai cc sudah nga bisa, bisanya pakai debit or cash di kasir ora mantap!!! 🤔untung reward masih banyak, jd bisa minum gratissss😁😁",0,0,1,1,
Excellent!,0,0,0,1,
great,0,0,0,1,
I love sturbucks!,0,0,0,1,
love coffee,0,0,0,0,
kenapa aku ga bisa masuk ?! padahal email dan pasword nya udh bener . tolong di jelaskan !,0,0,1,0,
memudahkan kalo lupa bawa sbux card,0,1,0,0,
good,0,0,0,1,
mudah dipake,1,0,0,0,
love,0,0,0,1,
wow,0,0,0,1,
tolong jangan verifikasi lewat email karna menyusahkan. lebih baik seperti dulu saja.,0,0,1,0,
sipppp,0,0,0,1,
sangat bagus,0,0,0,1,
kenapa keluar sendirii tolong perbaikii,0,0,1,0,
bermanfaat,0,1,0,1,
"Tidak bisa sign up, setiap mau isi tanggal lahir, lgsung eror n keluar dr aplikasi.. bagaimana ini mau aktivasi kartu nya.. Lalu pembuatan password juga agak rumit, gagal terus.. terlalu bnyak jenis tanda, angka n huruf yg diminta.. bisa2 saya lupa.. Mohon segera di benahi.. tx.",1,0,1,0,
masih nyobain,0,0,0,0,
"baru mau sign up udah eror tiba tiba back sendiri,, duh",0,0,1,0,
"Aplikasi Fitur bagus, mudah digunakan, Star Reward juga bagus, 🙏🙏👍",1,0,1,1,
kenapa pas mau sign up selalu bilang card number or pin is incorrect ?? padahal udah sesuai dgn yg di kartu membernya,0,0,1,0,
kenapa say tidak bisa login terus ya,0,0,1,0,
gunanya aplikasi ini apa kalo enggak berfungsi?,0,0,1,1,
begitu mau masukin tgl lahir langsung keluar dengan sndiri nya...tolong di perbaiki,0,0,1,0,
ga bisa daftar:'( pasword nya selalu aja dibilang harus menggunkan ini tidak boleh lebih dari ini harus 8 setelah diikutin sama aja ga bisa bisa bagaimana ini caranya?!! sumpah bikin password aja ribet banget,1,0,1,0,
,,,,,TOTAL
ASPEK,129,127,838,511,1605
NON ASPEK,1371,1373,662,989,4395
,1500,1500,1500,1500,